,PRIM_STATE,AREA,AREA_NAME,OCC_CODE,OCC_TITLE,TOT_EMP,EMP_PRSE,A_MEAN,MEAN_PRSE,A_MEDIAN,YEAR,JOBS_1000,A_MEAN_SE,A_MEDIAN_SE,JOBS_1000_SE,TOT_EMP_SE,A_MEAN_ME,A_MEDIAN_ME,JOBS_1000_ME,TOT_EMP_ME
51,AK,11260,"Anchorage, AK",15-0000,Computer and mathematical science occupations,2760,4.1,66690,2.2,65110,2008,16.747572815533978,1467.18,1838.816694,0.6866504854368931,113.15999999999998,2875.6728000000003,3604.08072024,1.3458349514563104,221.79359999999997
403,AK,21820,"Fairbanks, AK",15-0000,Computer and mathematical science occupations,500,4.5,64710,4.6,63340,2008,13.691128148959473,2976.66,3730.647978,0.6161007667031764,22.5,5834.2536,7312.07003688,1.2075575027382257,44.1
584,AL,11500,"Anniston-Oxford, AL",15-0000,Computer and mathematical science occupations,420,31.1,68260,4.1,72470,2008,8.784773060029282,2798.66,3507.560578,2.7320644216691066,130.62,5485.3736,6874.81873288,5.354846266471449,256.0152
796,AL,12220,"Auburn-Opelika, AL",15-0000,Computer and mathematical science occupations,580,16.7,55160,5.5,53380,2008,11.877943886954741,3033.8,3802.2615400000004,1.9836166291214417,96.86,5946.2480000000005,7452.432618400001,3.8878885930780256,189.8456
1024,AL,13820,"Birmingham-Hoover, AL",15-0000,Computer and mathematical science occupations,10110,5.9,65080,1.1,63890,2008,19.51963547901301,715.88,897.2124040000001,1.1516584932617677,596.49,1403.1248,1758.5363118400003,2.257250646793065,1169.1204
1512,AL,19460,"Decatur, AL",15-0000,Computer and mathematical science occupations,250,8.0,55040,3.6,52500,2008,4.6057479734708915,1981.44,2483.338752,0.36845983787767134,20.0,3883.6224,4867.34395392,0.7221812822402358,39.2
1747,AL,20020,"Dothan, AL",15-0000,Computer and mathematical science occupations,310,5.3,50720,2.6,48420,2008,5.190890823844608,1318.72,1652.7517760000003,0.2751172136637642,16.43,2584.6912,3239.3934809600005,0.5392297387809778,32.202799999999996
1975,AL,22520,"Florence-Muscle Shoals, AL",15-0000,Computer and mathematical science occupations,250,11.7,45510,2.5,43670,2008,4.935834155972359,1137.75,1425.9420750000002,0.577492596248766,29.25,2229.99,2794.8464670000003,1.1318854886475813,57.33
2177,AL,23460,"Gadsden, AL",15-0000,Computer and mathematical science occupations,100,34.1,56010,6.3,54820,2008,2.774694783573807,3528.63,4422.431979,0.9461709211986683,34.1,6916.1148,8667.966678839999,1.8544950055493898,66.836
2375,AL,26620,"Huntsville, AL",15-0000,Computer and mathematical science occupations,12650,8.6,76980,1.4,76810,2008,60.19796326258685,1077.72,1350.706476,5.177024840582469,1087.9,2112.3312,2647.38469296,10.146968687541639,2132.284
2757,AL,33660,"Mobile, AL",15-0000,Computer and mathematical science occupations,2220,23.1,57300,3.3,49970,2008,12.254360786045485,1890.9,2369.86497,2.8307573415765073,512.82,3706.164,4644.9353412,5.548284389489954,1005.1272000000001
3162,AL,33860,"Montgomery, AL",15-0000,Computer and mathematical science occupations,3760,5.8,62270,2.5,62590,2008,22.168504215553327,1556.75,1951.074775,1.2857732445020928,218.08,3051.23,3824.106559,2.520115559224102,427.4368
3548,AL,46220,"Tuscaloosa, AL",15-0000,Computer and mathematical science occupations,630,4.7,55890,3.7,52900,2008,6.785137318255251,2067.93,2591.736669,0.3189014539579968,29.61,4053.1427999999996,5079.803871239999,0.6250468497576737,58.035599999999995
3837,AR,22220,"Fayetteville-Springdale-Rogers, AR-MO",15-0000,Computer and mathematical science occupations,6540,4.8,61190,2.1,58840,2008,32.32822540781018,1284.99,1610.477967,1.5517548195748887,313.92,2518.5804,3156.53681532,3.0414394463667818,615.2832
4203,AR,22900,"Fort Smith, AR-OK",15-0000,Computer and mathematical science occupations,900,15.5,49470,3.0,46150,2008,7.354142833796372,1484.1,1860.0225300000002,1.1398921392384376,139.5,2908.836,3645.6441588000002,2.2341885929073375,273.42
4510,AR,26300,"Hot Springs, AR",15-0000,Computer and mathematical science occupations,350,29.1,52880,9.6,48130,2008,9.505703422053232,5076.48,6362.352384000001,2.7661596958174908,101.85,9949.9008,12470.210672640002,5.421673003802282,199.62599999999998
4701,AR,27860,"Jonesboro, AR",15-0000,Computer and mathematical science occupations,540,9.9,44810,5.5,39260,2008,11.21262458471761,2464.55,3088.820515,1.1100498338870433,53.46,4830.518,6054.0882094,2.175697674418605,104.7816
4961,AR,30780,"Little Rock-North Little Rock, AR",15-0000,Computer and mathematical science occupations,8740,12.6,57930,3.9,55600,2008,25.95859692892572,2259.27,2831.543091,3.2707832130446404,1101.24,4428.1692,5549.82445836,6.410735097567495,2158.4304
5402,AR,38220,"Pine Bluff, AR",15-0000,Computer and mathematical science occupations,270,10.3,52250,5.8,46850,2008,7.479224376731302,3030.5,3798.12565,0.7703601108033241,27.81,5939.78,7444.326274,1.5099058171745152,54.5076
5591,AZ,22380,"Flagstaff, AZ",15-0000,Computer and mathematical science occupations,740,18.0,61520,4.1,55880,2008,12.736660929432013,2522.3199999999997,3161.2236559999997,2.2925989672977622,133.2,4943.7472,6195.99836576,4.493493975903614,261.07199999999995
5815,AZ,29420,"Lake Havasu City-Kingman, AZ",15-0000,Computer and mathematical science occupations,250,10.0,53770,4.5,48230,2008,4.948535233570863,2419.65,3032.5473450000004,0.49485352335708627,25.0,4742.514,5943.7927962,0.9699129057798891,49.0
6062,AZ,38060,"Phoenix-Mesa-Scottsdale, AZ",15-0000,Computer and mathematical science occupations,44240,2.7,69200,2.9,64040,2008,23.406664338698242,2006.8,2515.12244,0.6319799371448526,1194.4800000000002,3933.328,4929.6399824,1.238680676803911,2341.1808000000005
6655,AZ,39140,"Prescott, AZ",15-0000,Computer and mathematical science occupations,410,16.2,48220,4.8,41860,2008,6.594820653048094,2314.56,2900.8380480000005,1.0683609457937913,66.42,4536.5376,5685.6425740800005,2.093987453755831,130.1832
6920,AZ,46060,"Tucson, AZ",15-0000,Computer and mathematical science occupations,9240,4.0,73850,4.3,71820,2008,24.468394989804835,3175.55,3979.916815,0.9787357995921934,369.6,6224.078,7800.6369574,1.918322167200699,724.416
7353,AZ,49740,"Yuma, AZ",15-0000,Computer and mathematical science occupations,340,6.3,59450,6.1,53110,2008,5.544683626875408,3626.45,4545.029785000001,0.3493150684931507,21.42,7107.842,8908.258378600001,0.6846575342465754,41.983200000000004
7593,CA,12540,"Bakersfield, CA",15-0000,Computer and mathematical science occupations,3200,6.1,76580,2.8,74750,2008,11.8142213689729,2144.24,2687.3759919999998,0.7206675035073468,195.2,4202.7104,5267.256944319999,1.4125083068743995,382.592
7987,CA,17020,"Chico, CA",15-0000,Computer and mathematical science occupations,640,8.5,60360,5.4,52290,2008,8.864265927977838,3259.44,4085.056152,0.7534626038781163,54.4,6388.5024,8006.7100579200005,1.4767867036011078,106.624
8243,CA,20940,"El Centro, CA",15-0000,Computer and mathematical science occupations,240,11.5,59130,5.9,53160,2008,4.479283314669653,3488.67,4372.350111,0.51511758118701,27.6,6837.7932,8569.806217559999,1.0096304591265397,54.096000000000004
8459,CA,23420,"Fresno, CA",15-0000,Computer and mathematical science occupations,2680,7.5,60080,2.5,57940,2008,8.065729677671774,1502.0,1882.4566,0.6049297258253831,201.0,2943.92,3689.614936,1.1856622626177509,393.96
8864,CA,25260,"Hanford-Corcoran, CA",15-0000,Computer and mathematical science occupations,190,7.8,63030,3.9,60580,2008,4.894384337970118,2458.17,3080.824461,0.3817619783616692,14.82,4818.0132,6038.41594356,0.7482534775888716,29.0472
9064,CA,31084,"Los Angeles-Long Beach-Glendale, CA  Metropolitan Division",15-0000,Computer and mathematical science occupations,89590,2.5,78180,2.0,75130,2008,21.532744962313487,1563.6,1959.6598800000002,0.5383186240578371,2239.75,3064.656,3840.9333648,1.0551045031533608,4389.91
9700,CA,31460,"Madera, CA",15-0000,Computer and mathematical science occupations,240,12.2,60930,2.6,58730,2008,6.117767015039511,1584.18,1985.452794,0.7463675758348203,29.28,3104.9928,3891.48747624,1.4628804486362477,57.3888
9872,CA,32900,"Merced, CA",15-0000,Computer and mathematical science occupations,330,15.8,55940,3.8,51910,2008,5.332902391725921,2125.72,2664.164876,0.8425985778926957,52.14,4166.4112,5221.76315696,1.6514932126696835,102.1944
10093,CA,33700,"Modesto, CA",15-0000,Computer and mathematical science occupations,1070,11.5,70150,3.8,65920,2008,6.4840625378741965,2665.7,3340.9218100000003,0.7456671918555325,123.05,5224.772,6548.2067476,1.4615076960368438,241.178
10421,CA,34900,"Napa, CA",15-0000,Computer and mathematical science occupations,520,12.3,74920,5.1,68490,2008,8.092125739184562,3820.92,4788.759036,0.9953314659197011,63.96,7489.0032,9385.96771056,1.9508496732026142,125.3616
10690,CA,36084,"Oakland-Fremont-Hayward, CA Metropolitan Division",15-0000,Computer and mathematical science occupations,35210,4.6,84590,1.5,81250,2008,33.95240299313431,1268.85,1590.249705,1.561810537684178,1619.66,2486.946,3116.8894218,3.0611486538609887,3174.5336
11269,CA,37100,"Oxnard-Thousand Oaks-Ventura, CA",15-0000,Computer and mathematical science occupations,7350,8.2,76450,2.7,75530,2008,24.232633279483036,2064.15,2586.9991950000003,1.9870759289176088,602.6999999999999,4045.734,5070.518422200001,3.894668820678513,1181.292
11660,CA,39820,"Redding, CA",15-0000,Computer and mathematical science occupations,610,14.3,56290,4.2,54530,2008,9.41358024691358,2364.18,2963.0267940000003,1.346141975308642,87.23,4633.792799999999,5807.53251624,2.6384382716049384,170.9708
11957,CA,40140,"Riverside-San Bernardino-Ontario, CA",15-0000,Computer and mathematical science occupations,12530,6.5,68300,3.3,65090,2008,9.808065627152608,2253.9,2824.81287,0.6375242657649196,814.45,4417.644,5536.6332252,1.2495475608992423,1596.3220000000001
12560,CA,40900,"Sacramento--Arden-Arcade--Roseville, CA",15-0000,Computer and mathematical science occupations,27160,3.3,71520,1.6,71200,2008,30.35722269414763,1144.32,1434.176256,1.0017883489068717,896.28,2242.8671999999997,2810.98546176,1.9635051638574685,1756.7087999999999
13108,CA,41500,"Salinas, CA",15-0000,Computer and mathematical science occupations,1970,8.7,81860,5.1,78220,2008,12.44393910681574,4174.86,5232.352038,1.0826227022929693,171.39,8182.725599999999,10255.40999448,2.12194049649422,335.9244
13443,CA,41740,"San Diego-Carlsbad-San Marcos, CA",15-0000,Computer and mathematical science occupations,36680,2.9,75570,1.2,73670,2008,27.64171276130763,906.84,1136.542572,0.8016096700779213,1063.72,1777.4064,2227.6234411200003,1.5711549533527256,2084.8912
14050,CA,41884,"San Francisco-San Mateo-Redwood City, CA Metropolitan Division",15-0000,Computer and mathematical science occupations,49650,3.1,93000,1.3,92410,2008,48.844072798819475,1209.0,1515.2397,1.5141662567634038,1539.15,2369.64,2969.869812,2.9677658632562713,3016.734
14580,CA,41940,"San Jose-Sunnyvale-Santa Clara, CA",15-0000,Computer and mathematical science occupations,81280,3.6,102480,1.4,101740,2008,87.9920322175551,1434.72,1798.1345760000002,3.167713159831984,2926.08,2812.0512,3524.34376896,6.208717793270688,5735.1168
15071,CA,42020,"San Luis Obispo-Paso Robles, CA",15-0000,Computer and mathematical science occupations,1020,9.9,62210,3.2,58600,2008,9.71151099685804,1990.72,2494.969376,0.961439588688946,100.98,3901.8112,4890.13997696,1.8844215938303341,197.9208
15387,CA,42044,"Santa Ana-Anaheim-Irvine, CA Metropolitan Division",15-0000,Computer and mathematical science occupations,39880,4.6,77500,1.7,74280,2008,26.14241981265036,1317.5,1651.2227500000001,1.2025513113819164,1834.48,2582.2999999999997,3236.3965900000003,2.357000570308556,3595.5808
15984,CA,42060,"Santa Barbara-Santa Maria, CA",15-0000,Computer and mathematical science occupations,4560,11.6,73350,3.2,68710,2008,25.579177651876368,2347.2,2941.74576,2.967184607617659,528.96,4600.512,5765.821689599999,5.815681830930611,1036.7616
16334,CA,42100,"Santa Cruz-Watsonville, CA",15-0000,Computer and mathematical science occupations,1800,13.7,73570,4.1,71680,2008,19.982238010657195,3016.37,3780.416521,2.7375666074600353,246.6,5912.0851999999995,7409.61638116,5.3656305506216695,483.33599999999996
16620,CA,42220,"Santa Rosa-Petaluma, CA",15-0000,Computer and mathematical science occupations,3230,9.1,82470,3.5,76230,2008,17.385219871898382,2886.45,3617.587785,1.582055008342753,293.93,5657.441999999999,7090.4720586,3.1008278163517957,576.1028
17005,CA,44700,"Stockton, CA",15-0000,Computer and mathematical science occupations,1720,12.9,68590,4.5,64300,2008,7.965913301222676,3086.55,3868.3731150000003,1.0276028158577253,221.88,6049.638,7582.0113054,2.0141015190811413,434.8848
17374,CA,46700,"Vallejo-Fairfield, CA",15-0000,Computer and mathematical science occupations,1530,9.0,74890,2.9,69980,2008,12.278308321964529,2171.81,2721.929473,1.1050477489768076,137.7,4256.7476,5334.98176708,2.165893587994543,269.892
17684,CA,47300,"Visalia-Porterville, CA",15-0000,Computer and mathematical science occupations,770,13.3,59880,3.9,53520,2008,5.668016194331984,2335.32,2926.856556,0.7538461538461538,102.41,4577.2272,5736.63884976,1.4775384615384615,200.72359999999998
17975,CA,49700,"Yuba City, CA",15-0000,Computer and mathematical science occupations,370,7.6,61760,7.1,56730,2008,9.460496036819228,4384.96,5495.670368,0.7189976987982613,28.12,8594.5216,10771.51392128,1.409235489644592,55.1152
18185,CO,14500,"Boulder, CO",15-0000,Computer and mathematical science occupations,12880,3.8,88860,3.4,83000,2008,78.39318320146074,3021.24,3786.520092,2.9789409616555083,489.44,5921.630399999999,7421.57938032,5.838724284844796,959.3024
18543,CO,17820,"Colorado Springs, CO",15-0000,Computer and mathematical science occupations,11620,4.4,76180,1.6,75800,2008,45.642012647786636,1218.88,1527.622304,2.008248556502612,511.2800000000001,2389.0048,2994.13971584,3.9361671707451196,1002.1088000000002
18946,CO,19740,"Denver-Aurora, CO",15-0000,Computer and mathematical science occupations,53470,3.0,79630,1.1,77700,2008,42.59912841880512,875.93,1097.803069,1.2779738525641537,1604.1,1716.8228,2151.69401524,2.5048287510257414,3144.0359999999996
19530,CO,22660,"Fort Collins-Loveland, CO",15-0000,Computer and mathematical science occupations,3600,6.7,78240,4.5,75260,2008,27.247956403269754,3520.8,4412.61864,1.8256130790190737,241.2,6900.768,8648.7325344,3.5782016348773844,472.75199999999995
19846,CO,24300,"Grand Junction, CO",15-0000,Computer and mathematical science occupations,560,15.1,68500,6.0,60290,2008,9.023525620367385,4110.0,5151.063,1.3625523686754752,84.56,8055.599999999999,10096.08348,2.6706026426039315,165.73760000000001
20078,CO,24540,"Greeley, CO",15-0000,Computer and mathematical science occupations,900,6.6,65710,5.3,59490,2008,11.305112423062429,3482.63,4364.780179,0.7461374199221202,59.4,6825.9548,8554.969150840001,1.4624293430473556,116.42399999999999
20340,CO,39380,"Pueblo, CO",15-0000,Computer and mathematical science occupations,400,10.1,53300,2.5,49510,2008,7.039774727208729,1332.5,1670.02225,0.7110172474480817,40.4,2611.7,3273.24361,1.3935938049982401,79.184
20581,CT,71950,"Bridgeport-Stamford-Norwalk, CT",15-0000,Computer and mathematical science occupations,14050,3.3,84840,2.2,80470,2008,32.37625587611762,1866.4800000000002,2339.2593840000004,1.0684164439118815,463.65,3658.3008000000004,4584.948392640001,2.094096230067288,908.7539999999999
21035,CT,72850,"Danbury, CT",15-0000,Computer and mathematical science occupations,1390,14.4,75460,4.5,70720,2008,19.327030033370413,3395.7,4255.83081,2.78309232480534,200.16,6655.571999999999,8341.4283876,5.454860956618466,392.3136
21320,CT,73450,"Hartford-West Hartford-East Hartford, CT",15-0000,Computer and mathematical science occupations,20320,4.3,76420,0.9,75550,2008,35.31456378171707,687.78,861.994674,1.518526242613834,873.76,1348.0488,1689.50956104,2.9763114355231144,1712.5696
21835,CT,75700,"New Haven, CT",15-0000,Computer and mathematical science occupations,5410,8.7,74450,2.4,71810,2008,19.14095669402774,1786.8,2239.39644,1.6652632323804133,470.6699999999999,3502.1279999999997,4389.2170224,3.26391593546561,922.5131999999998
22290,CT,76450,"Norwich-New London, CT-RI",15-0000,Computer and mathematical science occupations,2860,13.4,81110,2.7,78690,2008,21.009329317564095,2189.97,2744.689401,2.815250128553589,383.24,4292.3412,5379.59122596,5.517890251965034,751.1504
22605,CT,78700,"Waterbury, CT",15-0000,Computer and mathematical science occupations,660,11.1,65110,3.3,62120,2008,9.68736239542052,2148.63,2692.877979,1.0752972258916775,73.26,4211.3148,5278.040838839999,2.107582562747688,143.58960000000002
22879,DC,47894,"Washington-Arlington-Alexandria, DC-VA-MD-WV Metropolitan Division",15-0000,Computer and mathematical science occupations,169810,1.6,89390,1.0,87400,2008,73.03938647087415,893.9,1120.3248700000001,1.1686301835339865,2716.96,1752.0439999999999,2195.8367452,2.2905151597266133,5325.2416
23511,DE,20100,"Dover, DE",15-0000,Computer and mathematical science occupations,1010,6.7,61470,2.8,59320,2008,16.986209216279853,1721.16,2157.129828,1.1380760174907503,67.67,3373.4736000000003,4227.97446288,2.2306289942818704,132.6332
23757,DE,48864,"Wilmington, DE-MD-NJ Metropolitan Division",15-0000,Computer and mathematical science occupations,11300,4.7,79560,2.1,76250,2008,33.16116915130884,1670.76,2093.9635080000003,1.5585749501115154,531.1,3274.6895999999997,4104.1684756800005,3.05480690221857,1040.9560000000001
24199,FL,14600,"Bradenton-Sarasota-Venice, FL",15-0000,Computer and mathematical science occupations,2950,8.4,59630,2.8,55320,2008,11.003356956359566,1669.64,2092.559812,0.9242819843342036,247.8,3272.4944,4101.417231519999,1.8115926892950391,485.688
24595,FL,15980,"Cape Coral-Fort Myers, FL",15-0000,Computer and mathematical science occupations,2510,6.1,66580,4.1,60340,2008,11.696723985274243,2729.78,3421.233274,0.7135001631017288,153.11,5350.3688,6705.6172170400005,1.3984603196793886,300.09560000000005
24954,FL,19660,"Deltona-Daytona Beach-Ormond Beach, FL",15-0000,Computer and mathematical science occupations,1750,7.3,53460,1.6,50700,2008,10.738831615120274,855.36,1072.022688,0.7839347079037801,127.75,1676.5056,2101.16446848,1.5365120274914088,250.39
25302,FL,22744,"Fort Lauderdale-Pompano Beach-Deerfield Beach, FL Metropolitan Division",15-0000,Computer and mathematical science occupations,18640,5.6,59960,4.1,54880,2008,24.495696169262104,2458.3599999999997,3081.0625880000002,1.3717589854786778,1043.84,4818.3856,6038.88267248,2.6886476115382085,2045.9263999999998
25766,FL,23020,"Fort Walton Beach-Crestview-Destin, FL",15-0000,Computer and mathematical science occupations,2210,6.1,65280,3.0,63470,2008,28.45371443285696,1958.4,2454.4627200000004,1.7356765804042744,134.81,3838.464,4810.746931200001,3.4019260975923777,264.2276
26016,FL,23540,"Gainesville, FL",15-0000,Computer and mathematical science occupations,2340,6.0,53550,2.5,48560,2008,19.086460032626427,1338.75,1677.855375,1.1451876019575855,140.4,2623.95,3288.596535,2.2445676998368675,275.184
26342,FL,27260,"Jacksonville, FL",15-0000,Computer and mathematical science occupations,12890,6.2,66890,2.0,65580,2008,21.277649389237375,1337.8,1676.6647400000002,1.3192142621327172,799.18,2622.0879999999997,3286.2628904000003,2.5856599537801257,1566.3927999999999
26828,FL,29460,"Lakeland, FL",15-0000,Computer and mathematical science occupations,2370,7.9,59440,2.3,56510,2008,11.56831161224191,1367.12,1713.411496,0.9138966173671109,187.23,2679.5552,3358.2865321599998,1.7912373700395374,366.9708
27218,FL,33124,"Miami-Miami Beach-Kendall, FL Metropolitan Division",15-0000,Computer and mathematical science occupations,17060,4.5,65290,1.8,63200,2008,16.596622305237762,1175.22,1472.9032260000001,0.7468480037356993,767.7,2303.4312,2886.89032296,1.4638220873219705,1504.692
27723,FL,34940,"Naples-Marco Island, FL",15-0000,Computer and mathematical science occupations,1230,6.4,59660,4.7,53520,2008,9.922555663117135,2804.02,3514.2782660000003,0.6350435624394968,78.72,5495.8792,6887.985401360001,1.2446853823814137,154.2912
28006,FL,36100,"Ocala, FL",15-0000,Computer and mathematical science occupations,760,6.7,53690,3.9,47450,2008,7.7330077330077325,2093.91,2624.297403,0.5181115181115181,50.92,4104.0635999999995,5143.62290988,1.0154985754985755,99.8032
28317,FL,36740,"Orlando-Kissimmee, FL",15-0000,Computer and mathematical science occupations,24970,4.9,62300,1.9,59110,2008,23.891307467827584,1183.7,1483.53121,1.1706740659235517,1223.5300000000002,2320.052,2907.7211716,2.2945211692101615,2398.1188
28849,FL,37340,"Palm Bay-Melbourne-Titusville, FL",15-0000,Computer and mathematical science occupations,7140,8.1,72490,2.6,69580,2008,35.134337171538235,1884.74,2362.144642,2.845881310894597,578.34,3694.0904,4629.8034983200005,5.57792736935341,1133.5464
29289,FL,37460,"Panama City-Lynn Haven, FL",15-0000,Computer and mathematical science occupations,1170,16.7,54160,5.6,51490,2008,16.434892541087233,3032.96,3801.2087680000004,2.744627054361568,195.39,5944.6016,7450.36918528,5.379469026548673,382.96439999999996
29552,FL,37860,"Pensacola-Ferry Pass-Brent, FL",15-0000,Computer and mathematical science occupations,2270,6.3,59050,4.0,55400,2008,14.474271504176496,2362.0,2960.2946,0.9118791047631193,143.01,4629.5199999999995,5802.177416,1.7872830453357138,280.2996
29893,FL,38940,"Port St. Lucie-Fort Pierce, FL",15-0000,Computer and mathematical science occupations,1090,6.3,52630,3.3,51140,2008,8.418288538770467,1736.79,2176.7189070000004,0.5303521779425394,68.67,3404.1084,4266.3690577200005,1.0394902687673773,134.5932
30199,FL,39460,"Punta Gorda, FL",15-0000,Computer and mathematical science occupations,150,12.1,50980,4.2,48730,2008,3.6674816625916873,2141.16,2683.5158280000005,0.44376528117359415,18.15,4196.6736,5259.691022880001,0.8697799511002445,35.574
30362,FL,42680,"Sebastian-Vero Beach, FL",15-0000,Computer and mathematical science occupations,310,14.8,58770,10.2,51830,2008,6.595744680851064,5994.54,7512.956982000001,0.9761702127659575,45.88,11749.2984,14725.39568472,1.9132936170212766,89.9248
30609,FL,45220,"Tallahassee, FL",15-0000,Computer and mathematical science occupations,5870,3.2,55870,4.0,49930,2008,35.716458777000305,2234.8,2800.87484,1.1429266808640097,187.84,4380.2080000000005,5489.7146864,2.240136294493459,368.1664
30977,FL,45300,"Tampa-St. Petersburg-Clearwater, FL",15-0000,Computer and mathematical science occupations,31180,3.6,67930,1.9,64460,2008,25.84484802267848,1290.67,1617.5967110000001,0.9304145288164253,1122.48,2529.7132,3170.4895535600003,1.8236124764801935,2200.0608
31556,FL,48424,"West Palm Beach-Boca Raton-Boynton Beach, FL Metropolitan Division",15-0000,Computer and mathematical science occupations,11440,4.5,70320,2.6,65570,2008,20.94931145619689,1828.32,2291.433456,0.9427190155288601,514.8,3583.5072,4491.20957376,1.8477292704365658,1009.0079999999999
32012,GA,10500,"Albany, GA",15-0000,Computer and mathematical science occupations,810,5.6,42350,9.0,33390,2008,13.181448331977217,3811.5,4776.952950000001,0.7381611065907241,45.36,7470.54,9362.827782000002,1.4467957689178192,88.90559999999999
32239,GA,12020,"Athens-Clarke County, GA",15-0000,Computer and mathematical science occupations,1120,13.2,51260,5.6,45990,2008,13.727172447603872,2870.56,3597.672848,1.811986763083711,147.84,5626.2976,7051.43878208,3.5514940556440733,289.7664
32528,GA,12060,"Atlanta-Sandy Springs-Marietta, GA",15-0000,Computer and mathematical science occupations,77030,2.5,75280,1.7,72500,2008,32.014862410486806,1279.76,1603.9232080000002,0.8003715602621702,1925.75,2508.3296,3143.68948768,1.5687282581138535,3774.47
33127,GA,12260,"Augusta-Richmond County, GA-SC",15-0000,Computer and mathematical science occupations,2310,6.5,58620,2.9,56320,2008,11.0204665807929,1699.98,2130.584934,0.7163303277515385,150.15,3331.9608,4175.9464706399995,1.4040074423930153,294.294
33510,GA,15260,"Brunswick, GA",15-0000,Computer and mathematical science occupations,200,5.1,59330,5.6,56720,2008,4.62214005084354,3322.48,4164.064184,0.23572914259302052,10.2,6512.0608,8161.56580064,0.4620291194823202,19.991999999999997
33710,GA,17980,"Columbus, GA-AL",15-0000,Computer and mathematical science occupations,3270,9.6,68270,2.3,70530,2008,28.209109730848862,1570.21,1967.944193,2.708074534161491,313.92,3077.6116,3857.17061828,5.307826086956522,615.2832
33997,GA,19140,"Dalton, GA",15-0000,Computer and mathematical science occupations,1560,9.9,60940,7.0,58160,2008,20.953660174613834,4265.8,5346.32714,2.0744123572867696,154.44,8360.968,10478.8011944,4.065848220282068,302.7024
34207,GA,23580,"Gainesville, GA",15-0000,Computer and mathematical science occupations,470,12.2,53030,3.3,50470,2008,6.32996632996633,1749.99,2193.262467,0.7722558922558922,57.34,3429.9804,4298.79443532,1.5136215488215488,112.38640000000001
34420,GA,25980,"Hinesville-Fort Stewart, GA",15-0000,Computer and mathematical science occupations,240,19.5,58190,10.1,53290,2008,15.434083601286172,5877.19,7365.882227,3.009646302250804,46.8,11519.292399999998,14437.12916492,5.898906752411576,91.728
34536,GA,31420,"Macon, GA",15-0000,Computer and mathematical science occupations,1200,5.6,52980,3.9,47500,2008,12.037315678603672,2066.22,2589.593526,0.6740896780018056,67.2,4049.7911999999997,5075.60331096,1.321215768883539,131.712
34816,GA,40660,"Rome, GA",15-0000,Computer and mathematical science occupations,410,3.6,46220,4.7,39900,2008,10.201542672306545,2172.34,2722.5937220000005,0.36725553620303564,14.76,4257.7864,5336.283695120001,0.7198208509579498,28.9296
35010,GA,42340,"Savannah, GA",15-0000,Computer and mathematical science occupations,1290,7.9,53360,2.4,51160,2008,8.331718659174578,1280.64,1605.0261120000002,0.6582057740747917,101.91,2510.0544,3145.85117952,1.2900833171865917,199.7436
35307,GA,46660,"Valdosta, GA",15-0000,Computer and mathematical science occupations,250,5.5,47220,3.1,43480,2008,4.537205081669692,1463.82,1834.6056060000003,0.24954627949183306,13.75,2869.0872,3595.8269877600005,0.4891107078039928,26.95
35523,GA,47580,"Warner Robins, GA",15-0000,Computer and mathematical science occupations,1520,6.6,72010,2.0,71240,2008,27.71194165907019,1440.2,1805.00266,1.8289881494986326,100.32,2822.792,3537.8052136,3.58481677301732,196.6272
35742,HI,26180,"Honolulu, HI",15-0000,Computer and mathematical science occupations,7390,4.5,65060,2.2,63360,2008,16.64601869579908,1431.32,1793.8733560000003,0.7490708413109586,332.55,2805.3871999999997,3515.9917777600003,1.4681788489694787,651.798
36203,IA,11180,"Ames, IA",15-0000,Computer and mathematical science occupations,1050,5.3,59610,2.4,58730,2008,25.047709923664122,1430.64,1793.0211120000001,1.3275286259541985,55.65,2804.0544,3514.3213795200004,2.601956106870229,109.074
36435,IA,16300,"Cedar Rapids, IA",15-0000,Computer and mathematical science occupations,5730,2.5,67810,2.8,66990,2008,41.80345808710878,1898.68,2379.615644,1.0450864521777194,143.25,3721.4128,4664.04666224,2.04836944626833,280.77
36777,IA,19340,"Davenport-Moline-Rock Island, IA-IL",15-0000,Computer and mathematical science occupations,3440,13.3,65510,3.9,62020,2008,18.44405125730524,2554.89,3202.0436370000007,2.453058817221597,457.52,5007.5844,6276.0055285200015,4.80799528175433,896.7392
37168,IA,19780,"Des Moines-West Des Moines, IA",15-0000,Computer and mathematical science occupations,12720,4.4,66940,1.3,64830,2008,38.74151006609204,870.22,1090.646726,1.70462644290805,559.6800000000001,1705.6312,2137.66758296,3.341067828099778,1096.9728
37588,IA,20220,"Dubuque, IA",15-0000,Computer and mathematical science occupations,510,7.4,51850,3.3,49500,2008,9.889470622454915,1711.05,2144.458965,0.7318208260616638,37.74,3353.658,4203.139571399999,1.434368819080861,73.9704
37820,IA,26980,"Iowa City, IA",15-0000,Computer and mathematical science occupations,1820,3.7,57450,2.0,55630,2008,21.64090368608799,1149.0,1440.0417000000002,0.8007134363852557,67.34,2252.04,2822.481732,1.569398335315101,131.9864
38083,IA,43580,"Sioux City, IA-NE-SD",15-0000,Computer and mathematical science occupations,900,5.9,60240,3.9,58420,2008,12.231584669747214,2349.36,2944.4528880000003,0.7216634955150856,53.1,4604.7456,5771.1276604800005,1.4144604512095678,104.07600000000001
38364,IA,47940,"Waterloo-Cedar Falls, IA",15-0000,Computer and mathematical science occupations,810,15.5,51500,3.3,48690,2008,9.172234175065112,1699.5,2129.9833500000004,1.4216962971350924,125.55,3331.02,4174.767366000001,2.786524742384781,246.078
38665,ID,14260,"Boise City-Nampa, ID",15-0000,Computer and mathematical science occupations,6920,7.6,60190,5.3,55660,2008,24.18903803131991,3190.07,3998.114731,1.838366890380313,525.92,6252.5372,7836.30487276,3.6031991051454133,1030.8031999999998
39019,ID,17660,"Coeur d'Alene, ID",15-0000,Computer and mathematical science occupations,1160,16.1,53270,6.3,44940,2008,20.02071108042803,3356.01,4206.087333,3.2233344839489133,186.76,6577.779600000001,8243.93117268,6.31773558853987,366.0496
39234,ID,26820,"Idaho Falls, ID",15-0000,Computer and mathematical science occupations,890,28.1,59860,6.2,53860,2008,17.033492822966508,3711.32,4651.397356,4.786411483253589,250.09,7274.1872,9116.73881776,9.381366507177034,490.1764
39411,ID,30300,"Lewiston, ID-WA",15-0000,Computer and mathematical science occupations,260,31.1,54190,6.2,50160,2008,10.224144710971293,3359.78,4210.812274,3.179709005112072,80.86,6585.1688,8253.19205704,6.232229650019661,158.4856
39720,IL,14060,"Bloomington-Normal, IL",15-0000,Computer and mathematical science occupations,6590,21.6,79680,3.3,77600,2008,76.42351849704279,2629.44,3295.4771520000004,16.507479995361244,1423.44,5153.7024,6459.13521792,32.354660790908035,2789.9424
39943,IL,16580,"Champaign-Urbana, IL",15-0000,Computer and mathematical science occupations,1740,13.7,61130,4.0,57330,2008,17.21238500346226,2445.2,3064.5691600000005,2.358096745474329,238.38,4792.592,6006.555553600001,4.621869621129685,467.22479999999996
40261,IL,16974,"Chicago-Naperville-Joliet, IL Metropolitan Division",15-0000,Computer and mathematical science occupations,106670,3.0,77240,1.2,73830,2008,27.915314560870932,926.88,1161.6587040000002,0.8374594368261279,3200.1,1816.6848,2276.8510598400003,1.6414204961792107,6272.196
40868,IL,19180,"Danville, IL",15-0000,Computer and mathematical science occupations,210,12.0,45540,6.9,41690,2008,7.311977715877438,3142.26,3938.1944580000004,0.8774373259052924,25.2,6158.8296,7718.861137680001,1.719777158774373,49.391999999999996
41017,IL,19500,"Decatur, IL",15-0000,Computer and mathematical science occupations,460,19.6,69920,6.5,69370,2008,8.201105366375467,4544.8,5695.99784,1.6074166518095916,90.16,8907.808,11164.1557664,3.1505366375467996,176.71359999999999
41193,IL,28100,"Kankakee-Bradley, IL",15-0000,Computer and mathematical science occupations,170,17.5,55620,4.2,51810,2008,4.0274816394219375,2336.04,2927.7589319999997,0.7048092868988391,29.75,4578.6384,5738.407506719999,1.3814262023217247,58.31
41392,IL,29404,"Lake County-Kenosha County, IL-WI Metropolitan Division",15-0000,Computer and mathematical science occupations,10800,11.7,75950,3.4,72450,2008,27.280994240678993,2582.3,3236.3965900000003,3.1918763261594423,1263.6,5061.308,6343.3373164,6.256077599272507,2476.656
41824,IL,37900,"Peoria, IL",15-0000,Computer and mathematical science occupations,2220,15.6,62060,4.2,56870,2008,12.204507971412864,2606.52,3266.7515160000003,1.9039032435404066,346.32,5108.7792,6402.832971360001,3.731650357339197,678.7872
42160,IL,40420,"Rockford, IL",15-0000,Computer and mathematical science occupations,1160,8.2,54610,3.5,54290,2008,7.521234519872918,1911.35,2395.494955,0.6167412306295792,95.12,3746.2459999999996,4695.1701118,1.2088128120339752,186.4352
42483,IL,44100,"Springfield, IL",15-0000,Computer and mathematical science occupations,3220,10.8,69440,5.1,68600,2008,30.223390275952692,3541.44,4438.486752000001,3.264126149802891,347.76,6941.2224,8699.43403392,6.397687253613666,681.6096
42760,IN,11300,"Anderson, IN",15-0000,Computer and mathematical science occupations,170,7.7,49570,3.8,47360,2008,4.274578828262509,1883.66,2360.791078,0.3291425697762132,13.09,3691.9736000000003,4627.15051288,0.6451194367613778,25.656399999999998
42961,IN,14020,"Bloomington, IN",15-0000,Computer and mathematical science occupations,1730,3.4,52530,2.3,48390,2008,23.243315867257824,1208.1899999999998,1514.2245269999999,0.7902727394867659,58.82,2368.0523999999996,2967.8800729199997,1.548934569394061,115.2872
43207,IN,18020,"Columbus, IN",15-0000,Computer and mathematical science occupations,920,11.6,67080,4.8,65500,2008,21.242207342415146,3219.84,4035.4254720000004,2.4640960517201567,106.72,6310.8864,7909.433925120001,4.829628261371507,209.1712
43397,IN,21140,"Elkhart-Goshen, IN",15-0000,Computer and mathematical science occupations,740,5.9,54660,5.2,49990,2008,5.992388047615192,2842.32,3562.279656,0.35355089480929636,43.66,5570.9472000000005,6982.06812576,0.6929597538262209,85.57359999999998
43726,IN,21780,"Evansville, IN-KY",15-0000,Computer and mathematical science occupations,2000,14.8,54190,2.5,52800,2008,11.63670215860825,1354.75,1697.908175,1.7222319194740212,296.0,2655.31,3327.900023,3.3755745621690814,580.16
44121,IN,23060,"Fort Wayne, IN",15-0000,Computer and mathematical science occupations,4710,14.2,65260,3.0,63250,2008,22.056757516156225,1957.8,2453.7107400000004,3.1320595672941836,668.82,3837.288,4809.273050400001,6.1388367518966,1310.8872000000001
44527,IN,23844,"Gary, IN Metropolitan Division",15-0000,Computer and mathematical science occupations,1900,7.8,57730,4.4,53320,2008,6.877828054298643,2540.1200000000003,3183.5323960000005,0.5364705882352941,148.2,4978.635200000001,6239.723496160001,1.0514823529411765,290.472
44981,IN,26900,"Indianapolis-Carmel, IN",15-0000,Computer and mathematical science occupations,22240,6.1,66360,1.2,63950,2008,24.598232555052924,796.32,998.027856,1.500492185858228,1356.64,1560.7872,1956.1345977600001,2.940964684282127,2659.0144
45687,IN,29140,"Lafayette, IN",15-0000,Computer and mathematical science occupations,1400,6.5,55070,2.4,52290,2008,16.698473282442748,1321.68,1656.461544,1.0854007633587788,91.0,2590.4928,3246.66462624,2.1273854961832064,178.35999999999999
45928,IN,33140,"Michigan City-La Porte, IN",15-0000,Computer and mathematical science occupations,270,13.8,52160,4.7,49130,2008,6.101694915254237,2451.52,3072.490016,0.8420338983050847,37.26,4804.9792,6022.08043136,1.650386440677966,73.02959999999999
46131,IN,34620,"Muncie, IN",15-0000,Computer and mathematical science occupations,670,7.7,51440,3.2,48880,2008,14.30401366353544,1646.08,2063.0320640000004,1.1014090520922288,51.59,3226.3167999999996,4043.5428454400007,2.1587617421007685,101.1164
46367,IN,43780,"South Bend-Mishawaka, IN-MI",15-0000,Computer and mathematical science occupations,2290,15.4,57290,5.5,55340,2008,17.004529590851714,3150.95,3949.0856350000004,2.618697556991164,352.66,6175.861999999999,7740.2078446000005,5.132647211702682,691.2136
46713,IN,45460,"Terre Haute, IN",15-0000,Computer and mathematical science occupations,470,4.7,52970,3.7,51030,2008,6.822470605312818,1959.89,2456.330137,0.32065611844970243,22.09,3841.3844,4814.4070685199995,0.6284859921614168,43.2964
46967,KS,29940,"Lawrence, KS",15-0000,Computer and mathematical science occupations,1030,32.5,51040,4.8,46510,2008,21.938232161874332,2449.92,3070.4847360000003,7.129925452609158,334.75,4801.8432,6018.150082560001,13.97465388711395,656.11
47191,KS,45820,"Topeka, KS",15-0000,Computer and mathematical science occupations,2480,7.6,59840,2.2,58880,2008,22.683618403000093,1316.48,1649.9443840000001,1.723954998628007,188.48,2580.3008,3233.89099264,3.3789517973108936,369.4208
47541,KS,48620,"Wichita, KS",15-0000,Computer and mathematical science occupations,5300,3.4,58040,3.3,54760,2008,17.453156386867324,1915.32,2400.470556,0.593407317153489,180.2,3754.0272,4704.92228976,1.1630783416208386,353.19199999999995
47975,KY,14540,"Bowling Green, KY",15-0000,Computer and mathematical science occupations,550,28.4,52390,4.6,48810,2008,9.427494000685636,2409.9399999999996,3020.377802,2.6774082961947205,156.2,4723.482399999999,5919.94049192,5.247720260541652,306.152
48201,KY,21060,"Elizabethtown, KY",15-0000,Computer and mathematical science occupations,730,15.7,59600,3.6,60200,2008,16.072214883311315,2145.6,2689.08048,2.5233377366798764,114.61,4205.375999999999,5270.5977408,4.945741963892558,224.63559999999998
48432,KY,30460,"Lexington-Fayette, KY",15-0000,Computer and mathematical science occupations,6330,6.9,59640,7.0,55670,2008,25.07228581613657,4174.8,5232.27684,1.7299877213134236,436.77,8182.608,10255.262606400001,3.3907759337743104,856.0691999999999
48865,KY,31140,"Louisville-Jefferson County, KY-IN",15-0000,Computer and mathematical science occupations,11890,4.2,62520,1.5,60300,2008,19.245710585950146,937.8,1175.34474,0.8083198446099061,499.38,1838.088,2303.6756904,1.584306895435416,978.7848
49368,KY,36980,"Owensboro, KY",15-0000,Computer and mathematical science occupations,390,18.8,51830,3.0,47000,2008,7.975460122699387,1554.9,1948.7561699999999,1.4993865030674849,73.32,3047.6040000000003,3819.5620931999997,2.93879754601227,143.70719999999997
49577,LA,10780,"Alexandria, LA",15-0000,Computer and mathematical science occupations,320,15.3,54370,5.6,50380,2008,5.128205128205129,3044.72,3815.947576,0.7846153846153847,48.96,5967.651199999999,7479.25724896,1.537846153846154,95.9616
49835,LA,12940,"Baton Rouge, LA",15-0000,Computer and mathematical science occupations,5540,4.4,53890,2.0,51490,2008,15.02739651711604,1077.8,1350.80674,0.6612054467531059,243.76000000000005,2112.488,2647.5812104,1.2959626756360876,477.7696000000001
50262,LA,26380,"Houma-Bayou Cane-Thibodaux, LA",15-0000,Computer and mathematical science occupations,280,10.5,45780,4.2,44510,2008,2.963276537199704,1922.76,2409.7951080000003,0.3111440364059689,29.4,3768.6096,4723.19841168,0.609842311355699,57.623999999999995
50518,LA,29180,"Lafayette, LA",15-0000,Computer and mathematical science occupations,1260,6.3,49080,2.8,45530,2008,8.588957055214724,1374.24,1722.3349920000003,0.5411042944785276,79.38,2693.5104,3375.7765843200004,1.060564417177914,155.5848
50845,LA,29340,"Lake Charles, LA",15-0000,Computer and mathematical science occupations,530,15.4,53580,3.5,49960,2008,5.953718265558302,1875.3,2350.31349,0.9168726128959785,81.62,3675.5879999999997,4606.6144404,1.7970703212761179,159.9752
51114,LA,33740,"Monroe, LA",15-0000,Computer and mathematical science occupations,810,3.9,44780,2.4,41760,2008,10.47323506594259,1074.72,1346.946576,0.408456167571761,31.59,2106.4512,2640.01528896,0.8005740884406516,61.916399999999996
51400,LA,35380,"New Orleans-Metairie-Kenner, LA",15-0000,Computer and mathematical science occupations,6020,5.2,60040,3.0,57110,2008,11.679568515608327,1801.2,2257.44396,0.607337562811633,313.04,3530.352,4424.5901616,1.1903816231108006,613.5584
51892,LA,43340,"Shreveport-Bossier City, LA",15-0000,Computer and mathematical science occupations,1190,5.4,50540,3.4,47020,2008,6.794176420211247,1718.36,2153.620588,0.3668855266914074,64.26,3367.9855999999995,4221.09635248,0.7190956323151585,125.9496
52258,MA,70900,"Barnstable Town, MA",15-0000,Computer and mathematical science occupations,790,8.9,71380,5.3,68040,2008,8.12172303896371,3783.14,4741.409362,0.7228333504677703,70.31,7414.9544,9293.16234952,1.4167533669168297,137.8076
52573,MA,71654,"Boston-Cambridge-Quincy, MA NECTA Division",15-0000,Computer and mathematical science occupations,84650,2.5,88120,1.0,84770,2008,49.29278106784527,881.2,1104.40796,1.2323195266961318,2116.25,1727.152,2164.6396016,2.415346272324418,4147.85
53172,MA,72104,"Brockton-Bridgewater-Easton, MA NECTA Division",15-0000,Computer and mathematical science occupations,590,8.3,66210,2.6,63630,2008,6.671189507010403,1721.46,2157.505818,0.5537087290818635,48.97,3374.0616,4228.71140328,1.0852691090004525,95.9812
53469,MA,73104,"Framingham, MA NECTA Division",15-0000,Computer and mathematical science occupations,11240,7.2,95280,4.1,91650,2008,69.83969181061265,3906.4799999999996,4895.991383999999,5.028457810364111,809.28,7656.700799999999,9596.143112639998,9.855777308313659,1586.1888
53800,MA,73604,"Haverhill-North Andover-Amesbury, MA-NH NECTA Division",15-0000,Computer and mathematical science occupations,1320,6.9,76910,4.7,71100,2008,17.460317460317462,3614.77,4530.391241,1.204761904761905,91.08,7084.9492,8879.56683236,2.3613333333333335,178.5168
54092,MA,74204,"Lawrence-Methuen-Salem, MA-NH NECTA Division",15-0000,Computer and mathematical science occupations,1110,10.0,76840,2.7,73630,2008,19.36496859734822,2074.68,2600.196444,1.936496859734822,111.0,4066.3727999999996,5096.385030240001,3.795533845080251,217.56
54323,MA,74500,"Leominster-Fitchburg-Gardner, MA",15-0000,Computer and mathematical science occupations,450,11.3,66990,4.9,62490,2008,8.978451715881883,3282.51,4113.9697830000005,1.014565043894653,50.85,6433.7196,8063.380774680001,1.9885474860335197,99.666
54557,MA,74804,"Lowell-Billerica-Chelmsford, MA-NH NECTA Division",15-0000,Computer and mathematical science occupations,8040,4.0,95220,1.9,95190,2008,67.81948544917756,1809.18,2267.445294,2.7127794179671025,321.6,3545.9928,4444.19277624,5.317047659215521,630.336
54857,MA,75550,"New Bedford, MA",15-0000,Computer and mathematical science occupations,360,10.0,63560,3.6,62110,2008,5.645287752861847,2288.16,2867.7509280000004,0.5645287752861847,36.0,4484.7936,5620.79181888,1.1064763995609221,70.56
55126,MA,76524,"Peabody, MA NECTA Division",15-0000,Computer and mathematical science occupations,1530,23.5,74210,2.5,72400,2008,14.925373134328357,1855.25,2325.1848250000003,3.507462686567164,359.55,3636.29,4557.362257000001,6.874626865671641,704.718
55411,MA,76600,"Pittsfield, MA",15-0000,Computer and mathematical science occupations,470,19.3,61450,3.6,55440,2008,14.417177914110429,2212.2,2772.55026,2.782515337423313,90.71,4335.911999999999,5434.1985096,5.4537300613496935,177.7916
55636,MA,78100,"Springfield, MA-CT",15-0000,Computer and mathematical science occupations,4460,12.6,65590,2.5,63590,2008,14.938370846730976,1639.75,2055.098675,1.882234726688103,561.96,3213.91,4027.9934030000004,3.689180064308682,1101.4416
56066,MA,78254,"Taunton-Norton-Raynham, MA NECTA Division",15-0000,Computer and mathematical science occupations,1000,15.7,80710,4.0,77550,2008,21.473051320592656,3228.4,4046.1537200000002,3.3712690573330466,157.0,6327.664,7930.4612912,6.607687352372771,307.71999999999997
56295,MA,79600,"Worcester, MA-CT",15-0000,Computer and mathematical science occupations,5720,6.4,76260,1.9,73580,2008,23.235975139131497,1448.94,1815.956502,1.4871024089044158,366.08,2839.9224,3559.2747439199998,2.914720721452655,717.5168
56724,MD,12580,"Baltimore-Towson, MD",15-0000,Computer and mathematical science occupations,44020,2.4,81810,1.6,78870,2008,33.99779114759922,1308.96,1640.5195680000002,0.8159469875423814,1056.48,2565.5616,3215.4183532800002,1.5992560955830675,2070.7008
57343,MD,13644,"Bethesda-Gaithersburg-Frederick, MD Metropolitan Division",15-0000,Computer and mathematical science occupations,33340,2.8,86770,1.6,85680,2008,58.700283465676,1388.32,1739.9814560000002,1.643607937038928,933.52,2721.1072,3410.3636537600005,3.221471556596299,1829.6992
57793,MD,19060,"Cumberland, MD-WV",15-0000,Computer and mathematical science occupations,250,11.0,55550,3.9,49930,2008,6.832467887400928,2166.45,2715.2117850000004,0.751571467614102,27.5,4246.241999999999,5321.815098600001,1.4730800765236398,53.9
57991,MD,25180,"Hagerstown-Martinsburg, MD-WV",15-0000,Computer and mathematical science occupations,1810,10.5,66020,5.1,62660,2008,18.13808998897685,3367.02,4219.886166,1.9044994488425695,190.05,6599.3592,8270.97688536,3.7328189197314363,372.498
58289,MD,41540,"Salisbury, MD",15-0000,Computer and mathematical science occupations,490,7.9,53990,3.5,54090,2008,9.177748642067803,1889.65,2368.298345,0.7250421427233564,38.71,3703.714,4641.864756200001,1.4210825997377785,75.8716
58534,ME,70750,"Bangor, ME",15-0000,Computer and mathematical science occupations,740,25.7,54380,2.5,51950,2008,11.77968799745304,1359.5,1703.8613500000001,3.027379815345431,190.18,2664.62,3339.5682460000003,5.933664438077044,372.7528
58799,ME,74650,"Lewiston-Auburn, ME",15-0000,Computer and mathematical science occupations,500,7.9,51970,2.4,51060,2008,10.144045445323595,1247.28,1563.216024,0.801379590180564,39.5,2444.6688,3063.9034070400003,1.5707039967539056,77.42
59053,ME,76750,"Portland-South Portland-Biddeford, ME",15-0000,Computer and mathematical science occupations,4290,2.8,63870,2.3,61810,2008,21.49083258190562,1469.01,1841.110233,0.6017433122933573,120.12,2879.2596,3608.57605668,1.1794168920949804,235.4352
59488,MI,11460,"Ann Arbor, MI",15-0000,Computer and mathematical science occupations,6100,6.8,66650,4.1,64290,2008,32.46580446005642,2732.65,3424.830245,2.2076747032838364,414.8,5355.994,6712.6672802,4.327042418436319,813.008
59824,MI,12980,"Battle Creek, MI",15-0000,Computer and mathematical science occupations,550,6.0,62250,4.0,63440,2008,10.009099181073703,2490.0,3120.717,0.6005459508644222,33.0,4880.4,6116.60532,1.1770700636942675,64.67999999999999
60241,MI,19804,"Detroit-Livonia-Dearborn, MI Metropolitan Division",15-0000,Computer and mathematical science occupations,19880,6.0,77150,1.8,76290,2008,26.101227597978074,1388.7,1740.4577100000001,1.5660736558786845,1192.8,2721.852,3411.2971116000003,3.0695043655222216,2337.888
60712,MI,22420,"Flint, MI",15-0000,Computer and mathematical science occupations,1790,11.8,64390,3.1,62810,2008,12.624303547499824,1996.09,2501.6995970000003,1.4896678186049794,211.22,3912.3363999999997,4903.331210120001,2.9197489244657597,413.9912
61036,MI,24340,"Grand Rapids-Wyoming, MI",15-0000,Computer and mathematical science occupations,6050,5.3,58220,1.9,55470,2008,15.691461769893142,1106.18,1386.3753940000001,0.8316474738043366,320.65,2168.1128,2717.29577224,1.6300290486564997,628.4739999999999
61459,MI,26100,"Holland-Grand Haven, MI",15-0000,Computer and mathematical science occupations,1880,25.6,62730,2.4,61870,2008,17.3768370459377,1505.52,1886.8682160000003,4.448470283760052,481.28,2950.8192,3698.2617033600004,8.719001756169702,943.3087999999999
61727,MI,27100,"Jackson, MI",15-0000,Computer and mathematical science occupations,640,23.0,60910,4.6,60060,2008,11.649071714597744,2801.86,3511.5711380000007,2.6792864943574815,147.2,5491.6456,6882.679430480001,5.251401528940663,288.512
61959,MI,28020,"Kalamazoo-Portage, MI",15-0000,Computer and mathematical science occupations,2450,10.4,58370,2.5,55090,2008,17.520022883295194,1459.25,1828.8780250000002,1.8220823798627004,254.8,2860.13,3584.600929,3.571281464530893,499.408
62300,MI,29620,"Lansing-East Lansing, MI",15-0000,Computer and mathematical science occupations,5590,7.8,61440,2.5,60770,2008,26.608910891089106,1536.0,1925.0688,2.07549504950495,436.02,3010.56,3773.134848,4.067970297029702,854.5992
62644,MI,33780,"Monroe, MI",15-0000,Computer and mathematical science occupations,280,7.8,59250,3.7,55430,2008,6.984285357944624,2192.25,2747.546925,0.5447742579196807,21.84,4296.8099999999995,5385.191973,1.067757545522574,42.8064
62829,MI,34740,"Muskegon-Norton Shores, MI",15-0000,Computer and mathematical science occupations,520,14.7,57060,4.0,56120,2008,8.327994875080076,2282.4,2860.5319200000004,1.2242152466367713,76.44,4473.504,5606.642563200001,2.3994618834080716,149.8224
63060,MI,35660,"Niles-Benton Harbor, MI",15-0000,Computer and mathematical science occupations,710,3.8,63990,6.0,64610,2008,11.503564484769928,3839.4,4811.9200200000005,0.43713545042125723,26.98,7525.224,9431.3632392,0.8567854828256641,52.8808
63313,MI,40980,"Saginaw-Saginaw Township North, MI",15-0000,Computer and mathematical science occupations,1060,9.1,59610,2.4,58690,2008,12.434017595307918,1430.64,1793.0211120000001,1.1314956011730204,96.46,2804.0544,3514.3213795200004,2.21773137829912,189.06159999999997
63593,MI,47644,"Warren-Troy-Farmington Hills, MI Metropolitan Division",15-0000,Computer and mathematical science occupations,37640,3.6,71300,1.3,69410,2008,32.635083581882505,926.9,1161.68377,1.17486300894777,1355.04,1816.724,2276.9001892,2.3027314975376294,2655.8784
64129,MN,20260,"Duluth, MN-WI",15-0000,Computer and mathematical science occupations,1290,7.9,57210,1.7,55240,2008,10.221060137865463,972.57,1218.9219810000002,0.8074637508913716,101.91,1906.2372,2389.08708276,1.5826289517470882,199.7436
64519,MN,33460,"Minneapolis-St. Paul-Bloomington, MN-WI",15-0000,Computer and mathematical science occupations,68640,2.5,75870,0.9,74310,2008,38.44193665817255,682.83,855.7908390000001,0.9610484164543138,1716.0,1338.3468,1677.3500444400001,1.8836548962504551,3363.36
65162,MN,40340,"Rochester, MN",15-0000,Computer and mathematical science occupations,4630,5.4,83620,5.2,81160,2008,44.69974898629079,4348.24,5449.649192,2.413786445259703,250.02,8522.5504,10681.31241632,4.731021432709017,490.0392
65448,MN,41060,"St. Cloud, MN",15-0000,Computer and mathematical science occupations,1270,6.7,58360,2.3,55460,2008,12.761254019292606,1342.28,1682.279524,0.8550040192926046,85.09,2630.8687999999997,3297.26786704,1.675807877813505,166.7764
65779,MO,17860,"Columbia, MO",15-0000,Computer and mathematical science occupations,1740,4.5,51290,3.6,50170,2008,20.6724486158964,1846.44,2314.1432520000003,0.930260187715338,78.3,3619.0224,4535.72077392,1.8233099679220626,153.468
66060,MO,27620,"Jefferson City, MO",15-0000,Computer and mathematical science occupations,2260,5.1,55410,4.8,49960,2008,31.393249062369776,2659.68,3333.3769440000005,1.6010557021808587,115.26,5212.9728,6533.418810240001,3.138069176274483,225.9096
66333,MO,27900,"Joplin, MO",15-0000,Computer and mathematical science occupations,490,6.7,46720,2.5,42010,2008,6.181405323577646,1168.0,1463.8544,0.4141541566797023,32.83,2289.2799999999997,2869.154624,0.8117421470922165,64.3468
66634,MO,28140,"Kansas City, MO-KS",15-0000,Computer and mathematical science occupations,34960,5.2,67850,1.1,65750,2008,34.42028985507247,746.35,935.4004550000001,1.7898550724637685,1817.92,1462.846,1833.3848918,3.508115942028986,3563.1232
67195,MO,41140,"St. Joseph, MO-KS",15-0000,Computer and mathematical science occupations,410,10.8,56180,4.5,51670,2008,7.936507936507937,2528.1,3168.4677300000003,0.8571428571428572,44.28,4955.076,6210.196750800001,1.6800000000000002,86.7888
67438,MO,41180,"St. Louis, MO-IL",15-0000,Computer and mathematical science occupations,41210,2.3,69410,1.3,68840,2008,30.639860815774213,902.33,1130.8901890000002,0.7047167987628069,947.8299999999998,1768.5668,2216.5447704400003,1.3812449255751016,1857.7467999999997
68039,MO,44180,"Springfield, MO",15-0000,Computer and mathematical science occupations,2870,3.9,50900,1.5,48070,2008,14.72852304218413,763.5,956.89455,0.5744123986451811,111.93,1496.46,1875.513318,1.125848301344555,219.3828
68428,MS,25060,"Gulfport-Biloxi, MS",15-0000,Computer and mathematical science occupations,1490,10.4,57620,2.8,54890,2008,14.015614711692221,1613.36,2022.0240880000001,1.457623930015991,154.96,3162.1856,3963.16721248,2.8569429028313422,303.7216
68743,MS,25620,"Hattiesburg, MS",15-0000,Computer and mathematical science occupations,510,24.3,43050,7.3,33860,2008,8.844953173777316,3142.65,3938.6832450000006,2.1493236212278877,123.93,6159.594,7719.8191602000015,4.21267429760666,242.9028
68991,MS,27140,"Jackson, MS",15-0000,Computer and mathematical science occupations,4050,6.2,54290,2.4,51830,2008,15.956818092273748,1302.96,1632.9997680000001,0.9893227217209725,251.1,2553.8016000000002,3200.67954528,1.939072534573106,492.156
69387,MS,37700,"Pascagoula, MS",15-0000,Computer and mathematical science occupations,550,23.2,62980,4.4,59970,2008,9.788218544224952,2771.12,3473.044696,2.2708667022601885,127.6,5431.3952,6807.167604159999,4.450898736429969,250.09599999999998
69603,MT,13740,"Billings, MT",15-0000,Computer and mathematical science occupations,920,8.1,51290,3.9,46840,2008,11.027208438211673,2000.31,2506.9885230000004,0.8932038834951455,74.52,3920.6076,4913.697505080001,1.750679611650485,146.05919999999998
69860,MT,24500,"Great Falls, MT",15-0000,Computer and mathematical science occupations,250,13.6,40500,3.9,37650,2008,7.008690776562938,1579.5,1979.5873500000002,0.9531819456125595,34.0,3095.82,3879.9912060000006,1.8682366134006168,66.64
70049,MT,33540,"Missoula, MT",15-0000,Computer and mathematical science occupations,790,6.5,52080,4.7,48550,2008,13.847502191060475,2447.76,3067.7776080000003,0.9000876424189309,51.35,4797.609600000001,6012.84411168,1.7641717791411045,100.646
70295,NC,11700,"Asheville, NC",15-0000,Computer and mathematical science occupations,1670,10.8,50970,4.0,45250,2008,9.50916752078351,2038.8,2555.22804,1.0269900922446191,180.36,3996.048,5008.2469584,2.0129005807994536,353.5056
70676,NC,15500,"Burlington, NC",15-0000,Computer and mathematical science occupations,920,7.0,59600,3.9,56090,2008,15.364061456245825,2324.4,2913.17052,1.0754843019372078,64.4,4555.8240000000005,5709.8142192000005,2.107949231796927,126.224
70925,NC,16740,"Charlotte-Gastonia-Concord, NC-SC",15-0000,Computer and mathematical science occupations,22720,4.4,75190,1.3,72970,2008,25.867859867245052,977.47,1225.063151,1.1381858341587823,999.6800000000002,1915.8412,2401.12377596,2.2308442349512134,1959.3728000000003
71473,NC,20500,"Durham, NC",15-0000,Computer and mathematical science occupations,20470,2.3,82700,2.7,80170,2008,73.36128731677599,2232.9,2798.4935700000005,1.6873096082858476,470.81,4376.484,5485.047397200001,3.3071268322402614,922.7876
71903,NC,22180,"Fayetteville, NC",15-0000,Computer and mathematical science occupations,1460,10.0,64590,3.2,61640,2008,11.52510262077676,2066.88,2590.420704,1.1525102620776762,146.0,4051.0848,5077.22457984,2.258920113672245,286.15999999999997
72201,NC,24140,"Goldsboro, NC",15-0000,Computer and mathematical science occupations,190,10.7,59780,4.4,56560,2008,4.550898203592815,2630.32,3296.5800560000002,0.48694610778443115,20.33,5155.4272,6461.296909760001,0.9544143712574851,39.846799999999995
72419,NC,24660,"Greensboro-High Point, NC",15-0000,Computer and mathematical science occupations,6050,4.9,69330,2.1,67280,2008,16.40010843046896,1455.93,1824.7170690000003,0.8036053130929791,296.45000000000005,2853.6228,3576.4454552400002,1.575066413662239,581.042
72879,NC,24780,"Greenville, NC",15-0000,Computer and mathematical science occupations,940,7.9,55430,2.6,53050,2008,12.704419516150832,1441.18,1806.230894,1.0036491417759157,74.26,2824.7128000000002,3540.21255224,1.9671523178807948,145.5496
73141,NC,25860,"Hickory-Lenoir-Morganton, NC",15-0000,Computer and mathematical science occupations,990,6.7,55940,1.9,53190,2008,6.275354969574037,1062.86,1332.082438,0.42044878296146054,66.33,2083.2056,2610.88157848,0.8240796146044627,130.0068
73489,NC,27340,"Jacksonville, NC",15-0000,Computer and mathematical science occupations,480,12.5,59890,5.5,57240,2008,11.123986095017381,3293.95,4128.307535000001,1.3904982618771726,60.0,6456.142,8091.482768600002,2.7253765932792584,117.6
73696,NC,39580,"Raleigh-Cary, NC",15-0000,Computer and mathematical science occupations,21450,3.1,73110,1.6,70380,2008,41.60443780669938,1169.76,1466.0602079999999,1.289737572007681,664.95,2292.7296,2873.47800768,2.5278856411350543,1303.3020000000001
74172,NC,40580,"Rocky Mount, NC",15-0000,Computer and mathematical science occupations,590,9.2,55260,2.1,54270,2008,9.794156706507303,1160.46,1454.404518,0.9010624169986718,54.28,2274.5016,2850.63285528,1.7660823373173968,106.3888
74411,NC,48900,"Wilmington, NC",15-0000,Computer and mathematical science occupations,1560,6.4,52740,2.6,48480,2008,10.767531750414136,1371.24,1718.575092,0.6891220320265048,99.84,2687.6304,3368.40718032,1.3506791827719493,195.6864
74765,NC,49180,"Winston-Salem, NC",15-0000,Computer and mathematical science occupations,4180,3.2,71260,2.2,68880,2008,19.498997061155944,1567.72,1964.823476,0.6239679059569903,133.76,3072.7312,3851.05401296,1.222977095675701,262.1696
75137,ND,13900,"Bismarck, ND",15-0000,Computer and mathematical science occupations,980,5.0,49480,2.5,47690,2008,16.401673640167363,1237.0,1550.3321000000003,0.8200836820083681,49.0,2424.52,3038.6509160000005,1.6073640167364014,96.03999999999999
75380,ND,22020,"Fargo, ND-MN",15-0000,Computer and mathematical science occupations,2940,10.3,51460,5.8,46730,2008,24.583995317334224,2984.68,3740.6994440000003,2.5321515176854255,302.82000000000005,5849.9728,7331.77091024,4.963016974663434,593.5272000000001
75679,ND,24220,"Grand Forks, ND-MN",15-0000,Computer and mathematical science occupations,440,5.6,43560,5.2,41600,2008,9.036763195728076,2265.12,2838.8748960000003,0.5060587389607722,24.64,4439.6352,5564.194796160001,0.9918751283631135,48.2944
75931,NE,30700,"Lincoln, NE",15-0000,Computer and mathematical science occupations,4140,3.6,55910,1.4,52670,2008,25.00604010630587,782.74,981.0080420000002,0.9002174438270114,149.04,1534.1704,1922.7757623200002,1.7644261899009424,292.11839999999995
76306,NE,36540,"Omaha-Council Bluffs, NE-IA",15-0000,Computer and mathematical science occupations,14910,3.4,67530,1.1,66790,2008,32.497820401046205,742.83,930.988839,1.1049258936355708,506.94,1455.9468000000002,1824.7381244399999,2.165654751525719,993.6024
76807,NH,74950,"Manchester, NH",15-0000,Computer and mathematical science occupations,2960,6.7,75590,3.3,71860,2008,28.67383512544803,2494.47,3126.319251,1.921146953405018,198.32,4889.1612,6127.58573196,3.7654480286738354,388.7072
77130,NH,75404,"Nashua, NH-MA NECTA Division",15-0000,Computer and mathematical science occupations,6260,5.5,85280,2.4,82530,2008,45.86080586080586,2046.72,2565.154176,2.5223443223443223,344.3,4011.5712,5027.70218496,4.943794871794871,674.828
77464,NH,76900,"Portsmouth, NH-ME",15-0000,Computer and mathematical science occupations,2420,11.6,74130,1.8,73460,2008,43.03752445313889,1334.34,1672.328322,4.992352836564112,280.72,2615.3064,3277.76351112,9.785011559665659,550.2112000000001
77697,NH,77350,"Rochester-Dover, NH-ME",15-0000,Computer and mathematical science occupations,1240,6.0,61690,2.8,59410,2008,22.04836415362731,1727.32,2164.850156,1.3229018492176385,74.4,3385.5472,4243.1063057599995,2.5928876244665715,145.824
77950,NJ,12100,"Atlantic City, NJ",15-0000,Computer and mathematical science occupations,2490,6.9,77530,5.3,75540,2008,17.08639264393056,4109.09,5149.9224970000005,1.1789610924312086,171.81,8053.8164,10093.848094120001,2.310763741165169,336.7476
78300,NJ,15804,"Camden, NJ Metropolitan Division",15-0000,Computer and mathematical science occupations,12630,12.0,74710,2.3,72670,2008,23.80817734547305,1718.33,2153.5829890000005,2.856981281456766,1515.6,3367.9267999999997,4221.022658440001,5.599683311655261,2970.5759999999996
78798,NJ,20764,"Edison, NJ Metropolitan Division",15-0000,Computer and mathematical science occupations,47680,3.2,85030,1.4,82470,2008,46.8816062456368,1190.4199999999998,1491.953386,1.5002113998603779,1525.76,2333.2231999999995,2924.22863656,2.940414343726341,2990.4896
79373,NJ,35084,"Newark-Union, NJ-PA Metropolitan Division",15-0000,Computer and mathematical science occupations,28340,4.7,84830,1.9,81020,2008,27.820589592311546,1611.77,2020.0313410000003,1.3075677108386428,1331.98,3159.0692,3959.2614283600005,2.56283271324374,2610.6808
79891,NJ,36140,"Ocean City, NJ",15-0000,Computer and mathematical science occupations,120,18.0,61160,6.2,57520,2008,2.9977516862353233,3791.92,4752.4133360000005,0.5395953035223582,21.6,7432.1632,9314.73013856,1.057606794903822,42.336
80106,NJ,45940,"Trenton-Ewing, NJ",15-0000,Computer and mathematical science occupations,11120,17.8,81220,3.3,78020,2008,49.63177862084356,2680.26,3359.169858,8.834456594510154,1979.36,5253.3096000000005,6583.972921680001,17.315534925239902,3879.5456
80472,NJ,47220,"Vineland-Millville-Bridgeton, NJ",15-0000,Computer and mathematical science occupations,260,11.7,64400,4.5,58000,2008,4.330446369087276,2898.0,3632.0634000000005,0.5066622251832112,30.42,5680.08,7118.844264000001,0.9930579613590941,59.623200000000004
80733,NM,10740,"Albuquerque, NM",15-0000,Computer and mathematical science occupations,7790,4.3,75340,4.7,69200,2008,19.71103970041244,3540.98,4437.910234,0.8475747071177347,334.97,6940.3207999999995,8698.30405864,1.66124642595076,656.5412
81155,NM,22140,"Farmington, NM",15-0000,Computer and mathematical science occupations,250,14.3,67580,5.4,62260,2008,4.858142246404975,3649.32,4573.692756,0.6947143412359114,35.75,7152.6672,8964.437801760001,1.3616401088223862,70.07
81379,NM,29740,"Las Cruces, NM",15-0000,Computer and mathematical science occupations,1190,12.0,66600,3.3,64720,2008,18.08785529715762,2197.8,2754.5027400000004,2.1705426356589146,142.8,4307.688,5398.825370400001,4.254263565891472,279.88800000000003
81623,NM,42140,"Santa Fe, NM",15-0000,Computer and mathematical science occupations,1100,5.3,61660,4.2,56570,2008,17.115294849852187,2589.72,3245.6960760000006,0.9071106270421658,58.3,5075.851199999999,6361.564308960001,1.777936829002645,114.26799999999999
81849,NV,16180,"Carson City, NV",15-0000,Computer and mathematical science occupations,640,14.4,63030,2.5,64510,2008,21.43335565974548,1575.75,1974.8874750000002,3.0864032150033496,92.16,3088.47,3870.7794510000003,6.049350301406565,180.6336
82041,NV,29820,"Las Vegas-Paradise, NV",15-0000,Computer and mathematical science occupations,9600,4.1,63180,2.2,60380,2008,10.309056936062369,1389.96,1742.0368680000001,0.42267133437855714,393.6,2724.3216,3414.39226128,0.828435815381972,771.456
82547,NV,39900,"Reno-Sparks, NV",15-0000,Computer and mathematical science occupations,3240,5.1,63920,2.5,60950,2008,14.811428571428571,1598.0,2002.7734000000003,0.755382857142857,165.24,3132.08,3925.4358640000005,1.4805503999999998,323.8704
82930,NY,10580,"Albany-Schenectady-Troy, NY",15-0000,Computer and mathematical science occupations,13710,3.7,65310,2.1,62680,2008,31.222244995559198,1371.51,1718.913483,1.1552230648356905,507.27,2688.1596,3369.07042668,2.2642372070779535,994.2492
83404,NY,13780,"Binghamton, NY",15-0000,Computer and mathematical science occupations,2370,6.4,67480,4.6,63280,2008,21.10418521816563,3104.08,3890.3434640000005,1.3506678539626003,151.68,6083.9968,7625.0731894400005,2.6473089937666963,297.2928
83731,NY,15380,"Buffalo-Niagara Falls, NY",15-0000,Computer and mathematical science occupations,9580,4.2,63140,1.5,59980,2008,17.721050684424714,947.1,1187.00043,0.7442841287458379,402.36,1856.316,2326.5208428,1.4587968923418424,788.6256
84196,NY,21300,"Elmira, NY",15-0000,Computer and mathematical science occupations,200,15.0,61120,5.2,56150,2008,5.299417064122946,3178.24,3983.2881920000004,0.7949125596184419,30.0,6229.350399999999,7807.2448563200005,1.558028616852146,58.8
84388,NY,24020,"Glens Falls, NY",15-0000,Computer and mathematical science occupations,580,30.6,56380,3.4,55990,2008,10.881801125703566,1916.92,2402.475836,3.3298311444652917,177.48,3757.1632,4708.85263856,6.526469043151971,347.8608
84620,NY,27060,"Ithaca, NY",15-0000,Computer and mathematical science occupations,1510,2.7,65410,3.0,62890,2008,30.139720558882235,1962.3,2459.35059,0.8137724550898204,40.77,3846.1079999999997,4820.3271564,1.594994011976048,79.9092
84836,NY,28740,"Kingston, NY",15-0000,Computer and mathematical science occupations,680,33.5,58970,4.6,58670,2008,11.134763386278042,2712.62,3399.726646,3.730145734403144,227.8,5316.7352,6663.46422616,7.3110856394301615,446.488
85104,NY,35004,"Nassau-Suffolk, NY Metropolitan Division",15-0000,Computer and mathematical science occupations,19230,4.4,75900,1.5,71700,2008,15.312094404675644,1138.5,1426.8820500000002,0.6737321538057285,846.12,2231.46,2796.688818,1.3205150214592278,1658.3952
85672,NY,35644,"New York-White Plains-Wayne, NY-NJ Metropolitan Division",15-0000,Computer and mathematical science occupations,157280,2.9,84450,0.8,80530,2008,30.45960538853039,675.6,846.7294800000001,0.8833285562673814,4561.12,1324.176,1659.5897808000002,1.7313239702840675,8939.7952
86323,NY,39100,"Poughkeepsie-Newburgh-Middletown, NY",15-0000,Computer and mathematical science occupations,6560,4.0,83310,7.2,79100,2008,26.17613024220901,5998.32,7517.694456000001,1.0470452096883605,262.4,11756.707199999999,14734.681133760001,2.0522086109891866,514.304
86723,NY,40380,"Rochester, NY",15-0000,Computer and mathematical science occupations,13380,4.7,67810,1.4,65460,2008,26.81362725450902,949.34,1189.807822,1.2602404809619239,628.86,1860.7064,2332.02333112,2.4700713426853707,1232.5656
87229,NY,45060,"Syracuse, NY",15-0000,Computer and mathematical science occupations,4990,6.9,63240,1.7,60230,2008,16.019775915759734,1075.08,1347.397764,1.1053645381874218,344.31,2107.1567999999997,2640.89961744,2.1665144948473465,674.8475999999999
87666,NY,46540,"Utica-Rome, NY",15-0000,Computer and mathematical science occupations,2230,8.3,60930,2.1,59600,2008,17.458701949424565,1279.53,1603.6349490000002,1.4490722618022391,185.09,2507.8788,3143.1245000400004,2.8401816331323886,362.7764
88044,OH,10420,"Akron, OH",15-0000,Computer and mathematical science occupations,7190,11.1,65110,1.9,63330,2008,21.57215721572157,1237.09,1550.444897,2.3945094509450944,798.09,2424.6964,3038.87199812,4.693238523852385,1564.2564
88500,OH,15940,"Canton-Massillon, OH",15-0000,Computer and mathematical science occupations,1950,15.6,58850,3.5,56150,2008,11.318126414765802,2059.75,2581.484675,1.7656277207034652,304.2,4037.11,5059.709963,3.4606303325787917,596.232
88903,OH,17140,"Cincinnati-Middletown, OH-KY-IN",15-0000,Computer and mathematical science occupations,27450,5.0,68310,1.1,67020,2008,26.583896647233146,751.41,941.7421530000001,1.3291948323616571,1372.5,1472.7636,1845.8146198800002,2.605221871428848,2690.1
89501,OH,17460,"Cleveland-Elyria-Mentor, OH",15-0000,Computer and mathematical science occupations,22510,4.2,67130,1.0,65850,2008,21.406698746600224,671.3,841.3402900000001,0.8990813473572095,945.42,1315.7479999999998,1649.0269684000002,1.7621994408201305,1853.0231999999999
90087,OH,18140,"Columbus, OH",15-0000,Computer and mathematical science occupations,38510,2.5,69950,1.8,70180,2008,41.327280727171264,1259.1,1578.03003,1.0331820181792815,962.75,2467.836,3092.9388587999997,2.0250367556313917,1886.99
90675,OH,19380,"Dayton, OH",15-0000,Computer and mathematical science occupations,12470,5.7,70120,2.2,69170,2008,31.97353914002205,1542.64,1933.3907120000001,1.8224917309812572,710.79,3023.5744,3789.44579552,3.572083792723264,1393.1483999999998
91137,OH,30620,"Lima, OH",15-0000,Computer and mathematical science occupations,300,9.7,52480,3.2,48300,2008,5.677517032551097,1679.36,2104.741888,0.5507191521574564,29.1,3291.5456,4125.2941004799995,1.0794095382286144,57.036
91360,OH,31900,"Mansfield, OH",15-0000,Computer and mathematical science occupations,470,11.3,54480,5.0,50490,2008,8.660401695227565,2724.0,3413.9892000000004,0.9786253915607149,53.11,5339.04,6691.418832,1.9181057674590012,104.09559999999999
91573,OH,41780,"Sandusky, OH",15-0000,Computer and mathematical science occupations,330,19.6,49480,4.8,51770,2008,9.248878923766815,2375.04,2976.6376320000004,1.812780269058296,64.68,4655.078399999999,5834.2097587200005,3.55304932735426,126.77280000000002
91752,OH,44220,"Springfield, OH",15-0000,Computer and mathematical science occupations,470,29.2,60610,2.7,59830,2008,9.4,1636.47,2050.987851,2.7448,137.24,3207.4812,4019.9361879599996,5.379808000000001,268.9904
91985,OH,45780,"Toledo, OH",15-0000,Computer and mathematical science occupations,3400,5.8,57760,1.6,56080,2008,10.742156645919561,924.16,1158.249728,0.6230450854633345,197.2,1811.3536,2270.16946688,1.2211683675081355,386.51199999999994
92436,OH,49660,"Youngstown-Warren-Boardman, OH-PA",15-0000,Computer and mathematical science occupations,1880,7.8,55370,3.0,53110,2008,8.09646856158484,1661.1,2081.85663,0.6315245478036176,146.64,3255.756,4080.4389948000003,1.2377881136950903,287.41439999999994
92831,OK,30020,"Lawton, OK",15-0000,Computer and mathematical science occupations,690,6.9,56940,4.5,53540,2008,17.07075705096487,2562.3,3211.33059,1.177882236516576,47.61,5022.108,6294.2079564,2.3086491835724887,93.3156
93054,OK,36420,"Oklahoma City, OK",15-0000,Computer and mathematical science occupations,12210,8.7,55260,3.6,52380,2008,21.282900470629247,1989.36,2493.264888,1.8516123409447443,1062.2699999999998,3899.1456,4886.79918048,3.629160188251699,2082.0491999999995
93564,OK,46140,"Tulsa, OK",15-0000,Computer and mathematical science occupations,8920,10.1,59820,2.0,57380,2008,20.58287375683596,1196.4,1499.44812,2.0788702494404316,900.92,2344.944,2938.9183152,4.074585688903246,1765.8031999999998
94047,OR,13460,"Bend, OR",15-0000,Computer and mathematical science occupations,780,6.2,58640,3.7,56940,2008,11.423550087873462,2169.68,2719.2599440000004,0.7082601054481547,48.36,4252.5728,5329.74949024,1.388189806678383,94.7856
94323,OR,18700,"Corvallis, OR",15-0000,Computer and mathematical science occupations,710,10.1,65730,4.2,61500,2008,21.567436208991495,2760.66,3459.935178,2.1783110571081408,71.71,5410.893599999999,6781.47294888,4.2694896719319555,140.55159999999998
94521,OR,21660,"Eugene-Springfield, OR",15-0000,Computer and mathematical science occupations,3170,21.8,58420,2.2,58360,2008,21.109409336085772,1285.2400000000002,1610.7912920000003,4.6018512352666985,691.06,2519.0704000000005,3157.1509323200007,9.019628421122729,1354.4776
94901,OR,32780,"Medford, OR",15-0000,Computer and mathematical science occupations,910,5.5,54030,2.9,50090,2008,11.038330907326541,1566.87,1963.7581710000002,0.6071081999029597,50.05,3071.0651999999995,3848.96601516,1.189932071809801,98.098
95236,OR,38900,"Portland-Vancouver-Beaverton, OR-WA",15-0000,Computer and mathematical science occupations,30050,5.2,74600,1.4,73060,2008,28.844584801159545,1044.4,1308.94652,1.4999184096602962,1562.6,2047.0240000000001,2565.5351791999997,2.9398400829341806,3062.696
95848,OR,41420,"Salem, OR",15-0000,Computer and mathematical science occupations,2980,9.0,60240,2.3,60080,2008,19.619461452366846,1385.52,1736.4722160000001,1.765751530713016,268.2,2715.6192,3403.48554336,3.460873000197511,525.6719999999999
96224,PA,10900,"Allentown-Bethlehem-Easton, PA-NJ",15-0000,Computer and mathematical science occupations,5010,8.2,68400,2.3,63870,2008,14.742665450372245,1573.2,1971.6915600000002,1.2088985669305239,410.82,3083.472,3864.5154576000004,2.3694411911838267,805.2072
96672,PA,11020,"Altoona, PA",15-0000,Computer and mathematical science occupations,710,12.7,59300,6.1,55130,2008,12.099522835719155,3617.3,4533.56209,1.5366394001363326,90.17,7089.908,8885.781696400001,3.011813224267212,176.7332
96920,PA,21500,"Erie, PA",15-0000,Computer and mathematical science occupations,1650,8.0,53930,2.8,50280,2008,12.712843824639803,1510.04,1892.533132,1.0170275059711842,132.0,2959.6784,3709.36493872,1.993373911703521,258.71999999999997
97271,PA,25420,"Harrisburg-Carlisle, PA",15-0000,Computer and mathematical science occupations,11840,5.2,67370,2.0,67200,2008,37.62432870443929,1347.4,1688.6964200000002,1.9564650926308433,615.68,2640.904,3309.8449832000006,3.834671581556453,1206.7327999999998
97706,PA,27780,"Johnstown, PA",15-0000,Computer and mathematical science occupations,600,17.2,56620,4.7,53360,2008,10.375237765865467,2661.14,3335.2067620000003,1.7845408957288604,103.2,5215.8344,6537.00525352,3.4977001556285665,202.272
97958,PA,29540,"Lancaster, PA",15-0000,Computer and mathematical science occupations,2560,12.0,61250,2.6,57650,2008,10.97817230584502,1592.5,1995.8802500000002,1.3173806767014022,307.2,3121.2999999999997,3911.92529,2.582066126334748,602.112
98363,PA,30140,"Lebanon, PA",15-0000,Computer and mathematical science occupations,720,39.8,68000,4.8,68880,2008,15.138772077375945,3264.0,4090.7712000000006,6.025231286795625,286.55999999999995,6397.44,8017.911552000001,11.809453322119426,561.6575999999999
98612,PA,37964,"Philadelphia, PA Metropolitan Division",15-0000,Computer and mathematical science occupations,55750,3.0,79030,1.9,72770,2008,29.687258707818796,1501.57,1881.9176810000001,0.8906177612345638,1672.5,2943.0771999999997,3688.55865476,1.745610812019745,3278.1
99247,PA,38300,"Pittsburgh, PA",15-0000,Computer and mathematical science occupations,27650,5.8,64680,1.4,61450,2008,24.426226611777594,905.52,1134.888216,1.4167211434831004,1603.7,1774.8192,2224.38090336,2.7767734412268767,3143.252
99827,PA,39740,"Reading, PA",15-0000,Computer and mathematical science occupations,1920,10.5,59260,3.3,57090,2008,11.393306432470922,1955.58,2450.928414,1.196297175409447,201.6,3832.9368,4803.81969144,2.344742463802516,395.13599999999997
100218,PA,42540,"Scranton--Wilkes-Barre, PA",15-0000,Computer and mathematical science occupations,3420,9.1,58930,2.4,57210,2008,13.244520176593602,1414.32,1772.567256,1.2052513360700177,311.22,2772.0672,3474.23182176,2.3622926186972344,609.9912
100628,PA,44300,"State College, PA",15-0000,Computer and mathematical science occupations,1540,9.6,62230,7.7,56860,2008,23.1335436382755,4791.71,6005.450143,2.220820189274448,147.84,9391.7516,11770.68228028,4.352807570977918,289.7664
100862,PA,48700,"Williamsport, PA",15-0000,Computer and mathematical science occupations,520,11.0,51540,3.4,50310,2008,10.254387694734767,1752.36,2196.232788,1.1279826464208245,57.2,3434.6256,4304.61626448,2.210845986984816,112.11200000000001
101108,PA,49620,"York-Hanover, PA",15-0000,Computer and mathematical science occupations,1790,7.8,59130,3.6,54940,2008,9.99553272280545,2128.68,2667.874644,0.7796515523788251,139.62,4172.212799999999,5229.03430224,1.5281170426624973,273.6552
101450,PR,10380,"Aguadilla-Isabela-San Sebastian, PR",15-0000,Computer and mathematical science occupations,240,6.5,39550,5.2,35540,2008,5.730659025787965,2056.6,2577.5367800000004,0.3724928366762177,15.6,4030.9359999999997,5051.9720888,0.7300859598853866,30.576
101601,PR,21940,"Fajardo, PR",15-0000,Computer and mathematical science occupations,70,7.5,31000,9.4,25380,2008,5.47302580140735,2914.0,3652.1162,0.4104769351055513,5.25,5711.44,7158.147752,0.8045347928068804,10.29
101686,PR,25020,"Guayama, PR",15-0000,Computer and mathematical science occupations,100,1.4,54820,4.3,51190,2008,7.173601147776184,2357.26,2954.353958,0.10043041606886657,1.4,4620.229600000001,5790.53375768,0.19684361549497847,2.7439999999999998
101773,PR,32420,"Mayaguez, PR",15-0000,Computer and mathematical science occupations,330,10.5,35770,4.2,35100,2008,9.912886752778613,1502.34,1882.882722,1.0408531090417545,34.65,2944.5863999999997,3690.45013512,2.040072093721839,67.914
101917,PR,38660,"Ponce, PR",15-0000,Computer and mathematical science occupations,280,14.4,27610,2.8,23480,2008,5.266127515516269,773.08,968.901164,0.7583223622343428,40.32,1515.2368000000001,1899.04628144,1.4863118299793119,79.0272
102104,PR,41900,"San German-Cabo Rojo, PR",15-0000,Computer and mathematical science occupations,60,8.3,43600,10.7,31600,2008,3.0045067601402105,4665.2,5846.895159999999,0.24937406109163748,4.98,9143.792,11459.914513599999,0.48877315973960944,9.760800000000001
102256,PR,41980,"San Juan-Caguas-Guaynabo, PR",15-0000,Computer and mathematical science occupations,7790,5.2,41950,2.1,37310,2008,10.002953375194217,880.95,1104.0946350000002,0.5201535755100992,405.08,1726.662,2164.0254846000003,1.0195010079997944,793.9567999999999
102830,RI,77200,"Providence-Fall River-Warwick, RI-MA",15-0000,Computer and mathematical science occupations,10880,3.7,73240,1.7,71280,2008,19.103135864030623,1245.08,1560.458764,0.706816026969133,402.56,2440.3568,3058.49917744,1.3853594128595008,789.0176
103343,SC,11340,"Anderson, SC",15-0000,Computer and mathematical science occupations,300,7.9,49440,2.9,46860,2008,4.872502842293325,1433.76,1796.9314080000001,0.38492772454117263,23.7,2810.1695999999997,3521.9855596800003,0.7544583401006983,46.452
103602,SC,16700,"Charleston-North Charleston, SC",15-0000,Computer and mathematical science occupations,5970,17.4,58780,2.1,54640,2008,20.400492072170586,1234.38,1547.0484540000002,3.549685620557682,1038.7799999999997,2419.3848000000003,3032.2149698400003,6.957383816293056,2036.0087999999994
104040,SC,17900,"Columbia, SC",15-0000,Computer and mathematical science occupations,7480,7.9,60810,1.8,57780,2008,21.460335676373546,1094.58,1371.837114,1.6953665184335103,590.92,2145.3768,2688.8007434399997,3.32291837612968,1158.2032
104500,SC,22500,"Florence, SC",15-0000,Computer and mathematical science occupations,780,9.6,52680,3.7,47920,2008,9.294566253574834,1949.16,2442.8822280000004,0.892278360343184,74.88,3820.3536,4788.0491668800005,1.7488655862726405,146.76479999999998
104798,SC,24860,"Greenville, SC",15-0000,Computer and mathematical science occupations,6420,6.7,63200,3.1,61490,2008,20.570330022428706,1959.2,2455.46536,1.3782121115027235,430.14,3840.032,4812.7121056000005,2.7012957385453378,843.0744
105211,SC,34820,"Myrtle Beach-Conway-North Myrtle Beach, SC",15-0000,Computer and mathematical science occupations,610,7.4,52810,3.0,48320,2008,5.075719753702779,1584.3,1985.6031900000003,0.3756032617740056,45.14,3105.228,3891.7822524000003,0.736182393077051,88.4744
105497,SC,43900,"Spartanburg, SC",15-0000,Computer and mathematical science occupations,1690,15.2,66210,4.3,62380,2008,13.736487035682353,2847.03,3568.182699,2.0879460294237178,256.88,5580.178800000001,6993.63809004,4.0923742176704865,503.4848
105807,SC,44940,"Sumter, SC",15-0000,Computer and mathematical science occupations,210,7.7,53320,4.5,55490,2008,5.817174515235457,2399.4,3007.16802,0.44792243767313017,16.17,4702.8240000000005,5894.0493192,0.8779279778393351,31.693200000000004
105981,SD,39660,"Rapid City, SD",15-0000,Computer and mathematical science occupations,670,6.6,56320,7.2,51640,2008,11.146231908168359,4055.04,5082.181632,0.7356513059391117,44.22,7947.8784,9961.07599872,1.4418765596406589,86.6712
106269,SD,43620,"Sioux Falls, SD",15-0000,Computer and mathematical science occupations,3250,2.0,54210,1.4,50640,2008,24.054474132188584,758.94,951.1795020000001,0.4810894826437717,65.0,1487.5224,1864.31182392,0.9429353859817925,127.39999999999999
106645,TN,16860,"Chattanooga, TN-GA",15-0000,Computer and mathematical science occupations,3670,9.9,56180,1.8,55040,2008,15.626995954864809,1011.24,1267.3870920000002,1.5470725995316161,363.33,1982.0303999999999,2484.0787003200003,3.0322622950819675,712.1268
107061,TN,17300,"Clarksville, TN-KY",15-0000,Computer and mathematical science occupations,870,21.7,54110,5.0,51560,2008,11.322228006246746,2705.5,3390.80315,2.4569234773555437,188.79,5302.78,6645.974174,4.815570015616865,370.0284
107307,TN,17420,"Cleveland, TN",15-0000,Computer and mathematical science occupations,200,6.7,44780,3.4,41740,2008,5.524861878453038,1522.52,1908.174316,0.37016574585635353,13.4,2984.1392,3740.0216593600003,0.7255248618784529,26.264
107476,TN,27180,"Jackson, TN",15-0000,Computer and mathematical science occupations,350,22.0,50740,2.6,47130,2008,6.061655697956356,1319.24,1653.403492,1.3335642535503982,77.0,2585.7104,3240.6708443199996,2.6137859369587804,150.92
107697,TN,27740,"Johnson City, TN",15-0000,Computer and mathematical science occupations,610,12.8,53210,5.0,45070,2008,7.8567748583204535,2660.5,3334.4046500000004,1.0056671818650182,78.08,5214.58,6535.433114,1.9711076764554358,153.0368
107972,TN,28700,"Kingsport-Bristol-Bristol, TN-VA",15-0000,Computer and mathematical science occupations,1020,16.5,48080,2.2,44530,2008,8.641138597085734,1057.7600000000002,1325.6906080000003,1.425787868519146,168.3,2073.2096000000006,2598.3535916800006,2.7945442222975263,329.868
108308,TN,28940,"Knoxville, TN",15-0000,Computer and mathematical science occupations,5120,8.4,63670,3.6,59240,2008,15.322001436437633,2292.12,2872.713996,1.2870481206607614,430.08,4492.5552,5630.51943216,2.5226143164950923,842.9567999999999
108770,TN,32820,"Memphis, TN-MS-AR",15-0000,Computer and mathematical science occupations,9090,5.4,64570,1.9,63490,2008,14.428113393225612,1226.83,1537.5860390000003,0.7791181232341831,490.86,2404.5868,3013.6686364400002,1.5270715215389987,962.0856
109253,TN,34100,"Morristown, TN",15-0000,Computer and mathematical science occupations,180,7.0,51710,4.0,49140,2008,3.757828810020877,2068.4,2592.3257200000003,0.2630480167014614,12.6,4054.0640000000003,5080.9584112,0.5155741127348643,24.695999999999998
109482,TN,34980,"Nashville-Davidson--Murfreesboro, TN",15-0000,Computer and mathematical science occupations,15860,6.1,60740,2.2,58730,2008,20.50420168067227,1336.28,1674.759724,1.2507563025210084,967.46,2619.1088,3282.52905904,2.4514823529411767,1896.2216
109973,TX,10180,"Abilene, TX",15-0000,Computer and mathematical science occupations,600,9.0,49520,3.6,43230,2008,9.551098376313275,1782.72,2234.2829760000004,0.8595988538681948,54.0,3494.1312,4379.1946329600005,1.6848137535816619,105.84
110229,TX,11100,"Amarillo, TX",15-0000,Computer and mathematical science occupations,1330,5.2,61290,3.6,58660,2008,12.242268041237113,2206.44,2765.331252,0.6365979381443299,69.16,4324.6224,5420.0492539199995,1.2477319587628866,135.5536
110536,TX,12420,"Austin-Round Rock, TX",15-0000,Computer and mathematical science occupations,40820,3.8,77340,2.3,73530,2008,52.669608526231585,1778.82,2229.395106,2.0014451239968003,1551.16,3486.4872,4369.61440776,3.9228324430337285,3040.2736
111024,TX,13140,"Beaumont-Port Arthur, TX",15-0000,Computer and mathematical science occupations,1650,24.4,61430,3.4,55300,2008,10.29063240613696,2088.62,2617.667446,2.510914307097418,402.6,4093.6951999999997,5130.62819416,4.921392041910939,789.096
111364,TX,15180,"Brownsville-Harlingen, TX",15-0000,Computer and mathematical science occupations,650,12.4,47180,6.1,38510,2008,5.271267537101614,2877.98,3606.972334,0.6536371746006001,80.6,5640.8408,7069.66577464,1.2811288622171761,157.976
111633,TX,17780,"College Station-Bryan, TX",15-0000,Computer and mathematical science occupations,1560,5.9,56090,3.9,49590,2008,17.10713894067332,2187.51,2741.6062830000005,1.0093211974997258,92.04,4287.5196000000005,5373.548314680001,1.9782695470994627,180.3984
111923,TX,18580,"Corpus Christi, TX",15-0000,Computer and mathematical science occupations,1470,6.7,58530,3.3,56470,2008,8.168935815504307,1931.49,2420.736417,0.5473186996387885,98.49,3785.7204,4744.64337732,1.0727446512920256,193.04039999999998
112306,TX,19124,"Dallas-Plano-Irving, TX Metropolitan Division",15-0000,Computer and mathematical science occupations,93300,2.5,76710,1.4,75880,2008,44.21947647552289,1073.94,1345.969002,1.1054869118880724,2332.5,2104.9224,2638.09924392,2.1667543473006217,4571.7
112898,TX,21340,"El Paso, TX",15-0000,Computer and mathematical science occupations,3750,21.2,54060,3.6,50260,2008,13.76247798003523,1946.16,2439.1223280000004,2.9176453317674684,795.0,3814.4736000000003,4780.67976288,5.7185848502642385,1558.2
113315,TX,23104,"Fort Worth-Arlington, TX Metropolitan Division",15-0000,Computer and mathematical science occupations,19160,4.5,74350,4.0,72260,2008,21.981047656196225,2974.0,3727.3142000000003,0.98914714452883,862.2,5829.04,7305.5358320000005,1.9387284032765069,1689.912
113858,TX,26420,"Houston-Sugar Land-Baytown, TX",15-0000,Computer and mathematical science occupations,64700,3.0,73370,1.5,69880,2008,25.05508633742657,1100.55,1379.319315,0.7516525901227971,1941.0,2157.078,2703.4658574,1.4732390766406822,3804.36
114475,TX,28660,"Killeen-Temple-Fort Hood, TX",15-0000,Computer and mathematical science occupations,2770,14.5,62750,3.1,60460,2008,22.989459706199685,1945.25,2437.9818250000003,3.3334716573989542,401.65,3812.69,4778.444377000001,6.53360444850195,787.2339999999999
114777,TX,29700,"Laredo, TX",15-0000,Computer and mathematical science occupations,520,11.5,46630,4.3,42530,2008,5.901713766882306,2005.09,2512.979297,0.6786970831914653,59.8,3929.9763999999996,4925.43942212,1.330246283055272,117.208
114996,TX,30980,"Longview, TX",15-0000,Computer and mathematical science occupations,650,6.8,55290,4.3,51390,2008,6.858710562414267,2377.47,2979.683151,0.4663923182441701,44.2,4659.8412,5840.178975960001,0.9141289437585733,86.632
115290,TX,31180,"Lubbock, TX",15-0000,Computer and mathematical science occupations,1470,12.7,51050,2.2,46560,2008,11.999020488123419,1123.1000000000001,1407.5812300000002,1.5238756019916742,186.69,2201.2760000000003,2758.8592108000003,2.9867961799036813,365.9124
115612,TX,32580,"McAllen-Edinburg-Mission, TX",15-0000,Computer and mathematical science occupations,1140,6.1,44660,4.5,39670,2008,5.210237659963437,2009.7,2518.7570100000003,0.3178244972577696,69.54,3939.012,4936.7637396,0.6229360146252284,136.29840000000002
115942,TX,33260,"Midland, TX",15-0000,Computer and mathematical science occupations,640,14.1,62610,4.3,59910,2008,9.435353088603863,2692.23,3374.1718590000005,1.3303847854931448,90.24,5276.7708,6613.3768436400005,2.6075541795665638,176.8704
116164,TX,36220,"Odessa, TX",15-0000,Computer and mathematical science occupations,320,16.7,59240,5.6,54320,2008,5.360134003350083,3317.44,4157.747552,0.8951423785594639,53.44,6502.1824,8149.18520192,1.7544790619765491,104.74239999999999
116361,TX,41660,"San Angelo, TX",15-0000,Computer and mathematical science occupations,470,10.4,57130,2.6,55190,2008,10.715914272685819,1485.38,1861.6267540000001,1.114455084359325,48.88,2911.3448000000003,3648.7884378400004,2.184331965344277,95.8048
116589,TX,41700,"San Antonio, TX",15-0000,Computer and mathematical science occupations,18310,4.2,63310,1.3,61330,2008,21.744551986224096,823.03,1031.503499,0.913271183421412,769.02,1613.1388,2021.7468580399998,1.7900115195059676,1507.2792
117101,TX,43300,"Sherman-Denison, TX",15-0000,Computer and mathematical science occupations,520,38.6,64740,6.5,61740,2008,12.74197500612595,4208.1,5274.011730000001,4.918402352364617,200.72,8247.876,10337.062990800003,9.64006861063465,393.4112
117290,TX,45500,"Texarkana-Texarkana, TX-AR",15-0000,Computer and mathematical science occupations,250,8.7,49340,5.7,46720,2008,4.666791114429718,2812.38,3524.7558540000005,0.40601082695538543,21.75,5512.2648,6908.521473840001,0.7957812208325554,42.63
117523,TX,46340,"Tyler, TX",15-0000,Computer and mathematical science occupations,690,14.8,52730,4.1,48870,2008,7.44497194648252,2161.93,2709.546869,1.101855848079413,102.12,4237.382799999999,5310.71186324,2.1596374622356493,200.1552
117798,TX,47020,"Victoria, TX",15-0000,Computer and mathematical science occupations,200,10.2,57090,8.2,50860,2008,4.116073266104136,4681.379999999999,5867.173554,0.4198394731426219,20.4,9175.504799999999,11499.66016584,0.8228853673595389,39.983999999999995
118008,TX,47380,"Waco, TX",15-0000,Computer and mathematical science occupations,1390,10.4,55080,3.6,49910,2008,13.83359872611465,1982.88,2485.143504,1.4386942675159236,144.56,3886.4448,4870.88126784,2.81984076433121,283.3376
118284,TX,48660,"Wichita Falls, TX",15-0000,Computer and mathematical science occupations,420,19.9,53500,2.4,52100,2008,7.236388697450034,1284.0,1609.2372,1.4400413507925567,83.58,2516.64,3154.104912,2.8224810475534112,163.8168
118516,UT,30860,"Logan, UT-ID",15-0000,Computer and mathematical science occupations,650,5.1,49840,2.5,48340,2008,13.257189475831124,1246.0,1561.6118000000001,0.6761166632673873,33.15,2442.16,3060.759128,1.325188660004079,64.97399999999999
118738,UT,36260,"Ogden-Clearfield, UT",15-0000,Computer and mathematical science occupations,4110,8.2,62990,2.6,63200,2008,20.295294059552617,1637.74,2052.579542,1.6642141128833146,337.02,3209.9704,4023.05590232,3.2618596612512967,660.5591999999999
119103,UT,39340,"Provo-Orem, UT",15-0000,Computer and mathematical science occupations,6310,11.7,61530,4.6,56480,2008,35.12776262316985,2830.38,3547.3152540000006,4.1099482269108725,738.27,5547.5448,6952.737897840001,8.05549852474531,1447.0092
119424,UT,41100,"St. George, UT",15-0000,Computer and mathematical science occupations,550,14.3,52260,5.5,47010,2008,10.591180435201233,2874.3,3602.3601900000003,1.5145388022337765,78.65,5633.628000000001,7060.6259724,2.968496052378202,154.154
119650,UT,41620,"Salt Lake City, UT",15-0000,Computer and mathematical science occupations,20790,5.3,68000,1.8,66340,2008,32.774222026042814,1224.0,1534.0392000000002,1.7370337673802692,1101.87,2399.04,3006.716832,3.4045861840653275,2159.6652
120131,VA,13980,"Blacksburg-Christiansburg-Radford, VA",15-0000,Computer and mathematical science occupations,1510,8.2,62250,4.6,56580,2008,23.410852713178294,2863.5,3588.8245500000003,1.9196899224806199,123.81999999999998,5612.46,7034.096118,3.762592248062015,242.68719999999996
120402,VA,16820,"Charlottesville, VA",15-0000,Computer and mathematical science occupations,3380,14.9,67170,2.3,64600,2008,34.805890227576974,1544.91,1936.2357030000003,5.18607764390897,503.62,3028.0236,3795.0219778800006,10.16471218206158,987.0952
120679,VA,19260,"Danville, VA",15-0000,Computer and mathematical science occupations,170,13.1,44310,3.5,39640,2008,4.267068273092369,1550.85,1943.6803050000003,0.5589859437751004,22.27,3039.6659999999997,3809.6133978000007,1.0956124497991966,43.6492
120858,VA,25500,"Harrisonburg, VA",15-0000,Computer and mathematical science occupations,790,16.2,58720,4.9,53700,2008,13.204078221627947,2877.28,3606.095024,2.1390606719037275,127.98,5639.468800000001,7067.94624704,4.192558916931306,250.8408
121081,VA,31340,"Lynchburg, VA",15-0000,Computer and mathematical science occupations,1280,11.7,61050,3.7,57480,2008,12.526913290272068,2258.85,2831.016705,1.4656488549618318,149.76,4427.346,5548.7927418,2.8726717557251904,293.52959999999996
121414,VA,40060,"Richmond, VA",15-0000,Computer and mathematical science occupations,21370,5.9,75230,1.8,74490,2008,34.76096751630691,1354.14,1697.1436620000002,2.050897083462108,1260.8300000000002,2654.1144,3326.4015775200005,4.019758283585731,2471.2268000000004
121914,VA,40220,"Roanoke, VA",15-0000,Computer and mathematical science occupations,2120,7.5,60860,2.6,58290,2008,13.571474297420139,1582.36,1983.1717880000003,1.0178605723065104,159.0,3101.4255999999996,3887.0167044800005,1.9950067217207603,311.64
122307,VA,47260,"Virginia Beach-Norfolk-Newport News, VA-NC",15-0000,Computer and mathematical science occupations,19470,4.0,67650,1.2,65920,2008,25.68195008705746,811.8,1017.42894,1.0272780034822984,778.8,1591.128,1994.1607224,2.0134648868253047,1526.4479999999999
122841,VA,49020,"Winchester, VA-WV",15-0000,Computer and mathematical science occupations,460,8.1,66660,5.3,62770,2008,8.501201256699316,3532.98,4427.883834,0.6885973017926446,37.26,6924.6408,8678.65231464,1.3496507115135834,73.02959999999999
123088,VT,72400,"Burlington-South Burlington, VT",15-0000,Computer and mathematical science occupations,3260,3.4,69170,3.5,64750,2008,28.732592984311655,2420.95,3034.1766350000003,0.9769081614665963,110.84,4745.062,5946.986204600001,1.9147399964745286,217.2464
123432,WA,13380,"Bellingham, WA",15-0000,Computer and mathematical science occupations,940,15.1,55970,3.0,54210,2008,11.75293823455864,1679.1,2104.41603,1.7746936734183547,141.94,3291.0359999999996,4124.6554188,3.478399599899975,278.2024
123734,WA,14740,"Bremerton-Silverdale, WA",15-0000,Computer and mathematical science occupations,1500,11.4,71560,3.5,72280,2008,18.14442966009435,2504.6,3139.0151800000003,2.068464981250756,171.0,4909.016,6152.469752800001,4.054191363251482,335.15999999999997
124030,WA,28420,"Kennewick-Richland-Pasco, WA",15-0000,Computer and mathematical science occupations,1670,3.0,74960,3.5,74080,2008,18.45303867403315,2623.6,3288.15788,0.5535911602209944,50.1,5142.255999999999,6444.789444800001,1.085038674033149,98.196
124324,WA,31020,"Longview, WA",15-0000,Computer and mathematical science occupations,230,15.0,62890,3.6,60640,2008,6.446188340807175,2264.04,2837.5213320000003,0.9669282511210763,34.5,4437.5184,5561.54181072,1.8951793721973094,67.62
124507,WA,34580,"Mount Vernon-Anacortes, WA",15-0000,Computer and mathematical science occupations,350,10.1,61870,2.5,61330,2008,7.72626931567329,1546.75,1938.5417750000001,0.7803532008830022,35.35,3031.63,3799.5418790000003,1.5294922737306842,69.286
124750,WA,36500,"Olympia, WA",15-0000,Computer and mathematical science occupations,4210,6.4,69960,2.4,70150,2008,43.73571576979015,1679.04,2104.3408320000003,2.7990858092665696,269.44,3290.9184,4124.5080307200005,5.486208186162476,528.1024
125075,WA,42644,"Seattle-Bellevue-Everett, WA Metropolitan Division",15-0000,Computer and mathematical science occupations,84810,1.3,86550,3.6,86000,2008,58.371704073837,3115.8,3905.0321400000003,0.758832152959881,1102.53,6106.968,7653.8629944,1.4873110198013668,2160.9588
125693,WA,44060,"Spokane, WA",15-0000,Computer and mathematical science occupations,3920,9.8,60490,2.6,59160,2008,18.64003804089396,1572.74,1971.1150420000004,1.826723728007608,384.16,3082.5704,3863.385482320001,3.580378506894912,752.9536
126114,WA,45104,"Tacoma, WA Metropolitan Division",15-0000,Computer and mathematical science occupations,3940,4.9,66600,2.3,64230,2008,14.314259763851044,1531.8,1919.80494,0.7013987284287012,193.06,3002.328,3762.8176823999997,1.3747415077202543,378.3976
126521,WA,48300,"Wenatchee, WA",15-0000,Computer and mathematical science occupations,300,6.4,60100,5.0,58370,2008,7.453416149068323,3005.0,3766.1665000000003,0.4770186335403727,19.2,5889.8,7381.68634,0.9349565217391305,37.632
126734,WA,49420,"Yakima, WA",15-0000,Computer and mathematical science occupations,550,13.2,56280,2.8,52820,2008,6.838244436155663,1575.84,1975.0002720000002,0.9026482655725475,72.6,3088.6463999999996,3871.0005331200005,1.7691906005221931,142.296
127022,WI,11540,"Appleton, WI",15-0000,Computer and mathematical science occupations,1950,22.3,63910,5.2,59720,2008,16.401715871814282,3323.32,4165.116956000001,3.657582639414585,434.85,6513.7072,8163.629233760002,7.168861973252587,852.306
127344,WI,20740,"Eau Claire, WI",15-0000,Computer and mathematical science occupations,1140,19.5,61350,4.0,58630,2008,14.503816793893131,2454.0,3075.5982,2.828244274809161,222.3,4809.84,6028.172471999999,5.543358778625955,435.708
127615,WI,22540,"Fond du Lac, WI",15-0000,Computer and mathematical science occupations,320,11.5,56930,3.4,53450,2008,7.163644504141482,1935.62,2425.912546,0.8238191179762704,36.8,3793.8151999999995,4754.78859016,1.61468547123349,72.128
127836,WI,24580,"Green Bay, WI",15-0000,Computer and mathematical science occupations,2940,8.8,62110,2.2,60130,2008,17.59530791788856,1366.42,1712.534186,1.5483870967741935,258.72,2678.1832,3356.56700456,3.034838709677419,507.0912000000001
128207,WI,27500,"Janesville, WI",15-0000,Computer and mathematical science occupations,590,18.7,52770,4.8,50650,2008,8.957036587217246,2532.96,3174.5587680000003,1.674965841809625,110.33,4964.6016,6222.135185280001,3.2829330499468647,216.24679999999998
128459,WI,29100,"La Crosse, WI-MN",15-0000,Computer and mathematical science occupations,1000,20.4,57310,3.7,54060,2008,14.09443269908386,2120.47,2657.585051,2.8752642706131075,204.0,4156.1212,5208.86669996,5.635517970401691,399.84
128732,WI,31540,"Madison, WI",15-0000,Computer and mathematical science occupations,11120,7.3,65080,2.2,62990,2008,32.878980515064605,1431.76,1794.4248080000002,2.4001655775997164,811.76,2806.2496,3517.0726236800006,4.704324532095444,1591.0496
129211,WI,33340,"Milwaukee-Waukesha-West Allis, WI",15-0000,Computer and mathematical science occupations,21460,4.3,67600,1.1,65750,2008,25.370628709242663,743.6,931.95388,1.0909370344974345,922.78,1457.4560000000001,1826.6296048,2.138236587614972,1808.6488
129746,WI,36780,"Oshkosh-Neenah, WI",15-0000,Computer and mathematical science occupations,1500,6.9,61560,1.7,60460,2008,16.64632116302297,1046.52,1311.603516,1.148596160248585,103.5,2051.1792,2570.7428913599997,2.2512484740872267,202.85999999999999
130020,WI,39540,"Racine, WI",15-0000,Computer and mathematical science occupations,950,15.0,63260,3.2,62250,2008,12.41343264079446,2024.32,2537.080256,1.862014896119169,142.5,3967.6672,4972.67730176,3.649549196393571,279.3
130281,WI,43100,"Sheboygan, WI",15-0000,Computer and mathematical science occupations,900,39.6,60190,2.1,59040,2008,14.720314033366044,1263.99,1584.1586670000002,5.8292443572129535,356.4,2477.4204,3104.9509873200004,11.42531894013739,698.544
130522,WI,48140,"Wausau, WI",15-0000,Computer and mathematical science occupations,1360,21.1,60520,2.4,59630,2008,19.571161318175278,1452.48,1820.3931840000002,4.129515038134984,286.96000000000004,2846.8608,3567.9706406400005,8.093849474744568,562.4416000000001
130789,WV,16620,"Charleston, WV",15-0000,Computer and mathematical science occupations,1890,6.2,50000,4.0,46000,2008,12.891344383057088,2000.0,2506.6000000000004,0.7992633517495394,117.18,3920.0,4912.936000000001,1.5665561694290973,229.6728
131117,WV,26580,"Huntington-Ashland, WV-KY-OH",15-0000,Computer and mathematical science occupations,690,10.6,49480,4.3,45470,2008,6.176154672395274,2127.64,2666.571212,0.6546723952738991,73.14,4170.1744,5226.479575519999,1.2831578947368423,143.3544
131452,WV,34060,"Morgantown, WV",15-0000,Computer and mathematical science occupations,800,7.7,54220,3.7,50140,2008,14.111836302698888,2006.14,2514.295262,1.0866113953078145,61.6,3932.0344,4928.01871352,2.1297583348033164,120.736
131645,WV,37620,"Parkersburg-Marietta-Vienna, WV-OH",15-0000,Computer and mathematical science occupations,580,5.2,63750,6.0,65020,2008,8.282164786520063,3825.0,4793.8725,0.43067256889904326,30.16,7497.0,9395.9901,0.8441182350421248,59.1136
131902,WV,48260,"Weirton-Steubenville, WV-OH",15-0000,Computer and mathematical science occupations,450,37.4,60640,5.3,59180,2008,10.250569476082005,3213.92,4028.005936,3.8337129840546695,168.3,6299.2832,7894.89163456,7.514077448747152,329.868
132111,WV,48540,"Wheeling, WV-OH",15-0000,Computer and mathematical science occupations,610,16.2,51320,3.6,45520,2008,9.568627450980392,1847.52,2315.4968160000003,1.5501176470588234,98.82,3621.1392,4538.373759360001,3.038230588235294,193.6872
132358,WY,16220,"Casper, WY",15-0000,Computer and mathematical science occupations,310,14.9,54190,3.3,51390,2008,7.690399404614239,1788.27,2241.238791,1.1458695112875217,46.19,3505.0092,4392.82803036,2.2459042421235424,90.5324
132557,WY,16940,"Cheyenne, WY",15-0000,Computer and mathematical science occupations,700,5.8,55420,3.2,53140,2008,16.14018907078626,1773.44,2222.652352,0.9361309661056031,40.6,3475.9424,4356.39860992,1.834816693566982,79.57600000000001
